source_id,target_id,relation_type,relation_content
4,29,type,Rainfall-induced Debris Flow
4,29,method,Remote Sensing and Imaging
4,39,type,Rainfall-induced Debris Flow
4,39,loss,Other
4,39,factor,Other
4,57,time,"('2010-02-20', '2010-02-20')"
4,68,loss,Other
4,68,factor,Other
4,76,loss,Other
4,168,time,"('2010-02-20', '2010-02-20')"
4,188,type,Rainfall-induced Debris Flow
4,265,loss,Other
4,265,method,Remote Sensing and Imaging
4,366,loss,Other
4,380,loss,Other
4,392,loss,Other
4,414,factor,Other
4,425,loss,Other
4,437,loss,Other
4,459,time,"('2010-02-20', '2010-02-20')"
4,465,location,Portugal
4,468,loss,Other
4,513,loss,Other
4,586,factor,Other
4,589,type,Rainfall-induced Debris Flow
4,589,loss,Other
4,603,type,Rainfall-induced Debris Flow
4,603,loss,Other
4,613,loss,Other
4,661,loss,Other
4,705,factor,Other
4,706,method,Remote Sensing and Imaging
4,725,time,"('2010-02-20', '2010-02-20')"
4,756,time,"('2010-02-20', '2010-02-20')"
4,756,factor,Other
4,793,factor,Other
4,811,loss,Other
4,811,method,Remote Sensing and Imaging
4,819,method,Remote Sensing and Imaging
4,831,factor,Other
4,858,method,Remote Sensing and Imaging
4,861,time,"('2010-02-20', '2010-02-20')"
4,884,type,Rainfall-induced Debris Flow
4,911,location,Portugal
4,911,loss,Other
4,911,factor,Other
4,922,loss,Other
4,922,method,Remote Sensing and Imaging
4,956,factor,Other
4,994,loss,Other
4,1002,loss,Other
4,1026,type,Rainfall-induced Debris Flow
4,1026,factor,Other
4,1056,factor,Other
4,1088,method,Remote Sensing and Imaging
4,1110,type,Rainfall-induced Debris Flow
4,1127,time,"('2010-02-20', '2010-02-20')"
4,1224,loss,Other
4,1253,method,Remote Sensing and Imaging
4,1281,factor,Other
4,1306,type,Rainfall-induced Debris Flow
4,1349,time,"('2010-02-20', '2010-02-20')"
4,1349,location,"Portugal,Madeira"
4,1380,loss,Other
4,1410,loss,Other
4,1455,time,"('2010-02-20', '2010-02-20')"
16,83,time,"('1999-03-28', '1999-03-28')"
16,256,loss,Slight Loss
16,372,time,"('1999-03-28', '1999-03-28')"
16,392,time,"('1999-03-28', '1999-03-28')"
16,425,time,"('1999-03-28', '1999-03-28')"
16,433,loss,Slight Loss
16,473,loss,Slight Loss
16,701,time,"('1999-03-28', '1999-03-28')"
16,756,time,"('1999-03-28', '1999-03-28')"
16,784,time,"('1999-03-28', '1999-03-28')"
16,784,loss,Slight Loss
16,793,location,India
16,841,loss,Slight Loss
16,861,time,"('1999-03-28', '1999-03-28')"
16,956,loss,Slight Loss
16,1056,loss,Slight Loss
16,1127,time,"('1999-03-28', '1999-03-28')"
29,39,location,China
29,39,type,Rainfall-induced Debris Flow
29,48,location,China
29,68,scale,Large
29,76,location,China
29,152,location,China
29,168,time,"('2013-04-04', '2013-04-04')"
29,168,location,China
29,188,type,Rainfall-induced Debris Flow
29,265,scale,Large
29,265,method,Remote Sensing and Imaging
29,295,location,China
29,344,scale,Large
29,366,location,China
29,366,scale,Large
29,372,location,China
29,380,location,China
29,392,location,China
29,425,location,China
29,459,location,China
29,468,location,China
29,501,location,China
29,513,location,China
29,513,scale,Large
29,586,location,China
29,586,scale,Large
29,589,type,Rainfall-induced Debris Flow
29,603,location,China
29,603,type,Rainfall-induced Debris Flow
29,705,location,China
29,706,method,Remote Sensing and Imaging
29,756,time,"('2013-04-04', '2013-04-04')"
29,784,location,China
29,811,location,China
29,811,method,Remote Sensing and Imaging
29,819,method,Remote Sensing and Imaging
29,831,location,China
29,858,location,China
29,858,scale,Large
29,858,method,Remote Sensing and Imaging
29,863,location,China
29,884,location,China
29,884,type,Rainfall-induced Debris Flow
29,922,method,Remote Sensing and Imaging
29,943,location,China
29,956,location,China
29,994,location,China
29,1000,location,China
29,1002,location,China
29,1005,location,China
29,1026,type,Rainfall-induced Debris Flow
29,1056,location,China
29,1085,location,China
29,1088,method,Remote Sensing and Imaging
29,1110,type,Rainfall-induced Debris Flow
29,1127,time,"('2013-04-04', '2013-04-04')"
29,1173,location,China
29,1173,scale,Large
29,1224,scale,Large
29,1228,location,China
29,1248,location,"China,Chongqing"
29,1253,method,Remote Sensing and Imaging
29,1281,location,China
29,1306,type,Rainfall-induced Debris Flow
29,1380,location,China
29,1380,scale,Large
29,1410,scale,Large
29,1431,location,China
29,1455,location,China
33,39,control,Infrastructure and Construction Measures
33,57,control,Infrastructure and Construction Measures
33,168,time,"('2013-07-08', '2013-07-08')"
33,170,factor,Geologic Factors
33,170,control,Infrastructure and Construction Measures
33,265,factor,Geologic Factors
33,372,type,Earthquake-induced Debris Flow
33,459,factor,Geologic Factors
33,465,method,Field Studies and Experiments
33,468,factor,Geologic Factors
33,513,method,Field Studies and Experiments
33,534,factor,Geologic Factors
33,603,factor,Geologic Factors
33,661,factor,Geologic Factors
33,661,control,Infrastructure and Construction Measures
33,701,control,Infrastructure and Construction Measures
33,725,factor,Geologic Factors
33,756,time,"('2013-07-08', '2013-07-08')"
33,771,method,Field Studies and Experiments
33,863,method,Field Studies and Experiments
33,863,factor,Geologic Factors
33,1000,control,Infrastructure and Construction Measures
33,1085,method,Field Studies and Experiments
33,1104,control,Infrastructure and Construction Measures
33,1127,time,"('2013-07-08', '2013-07-08')"
33,1173,control,Infrastructure and Construction Measures
33,1224,method,Field Studies and Experiments
33,1271,method,Field Studies and Experiments
33,1281,control,Infrastructure and Construction Measures
33,1306,method,Field Studies and Experiments
33,1380,method,Field Studies and Experiments
33,1380,factor,Geologic Factors
33,1431,control,Infrastructure and Construction Measures
39,48,location,"China,Sichuan,Ngawa Tibetan and Qiang Autonomous Prefecture"
39,48,scale,Huge
39,57,control,Infrastructure and Construction Measures
39,68,loss,Other
39,68,factor,Other
39,76,location,China
39,76,loss,Other
39,76,scale,Huge
39,152,location,China
39,168,location,China
39,170,control,Infrastructure and Construction Measures
39,188,type,Rainfall-induced Debris Flow
39,265,loss,Other
39,295,location,"China,Sichuan,Ngawa Tibetan and Qiang Autonomous Prefecture"
39,295,scale,Huge
39,366,location,"China,Sichuan"
39,366,loss,Other
39,372,location,China
39,372,scale,Huge
39,380,location,China
39,380,loss,Other
39,380,scale,Huge
39,392,location,China
39,392,loss,Other
39,414,factor,Other
39,425,location,China
39,425,loss,Other
39,437,loss,Other
39,454,scale,Huge
39,459,time,"('2008-01-01', '2008-12-31')"
39,459,location,China
39,468,location,China
39,468,loss,Other
39,501,location,"China,Sichuan"
39,513,time,"('2008-01-01', '2008-12-31')"
39,513,location,"China,Sichuan,Ngawa Tibetan and Qiang Autonomous Prefecture"
39,513,loss,Other
39,586,location,China
39,586,factor,Other
39,589,type,Rainfall-induced Debris Flow
39,589,loss,Other
39,589,scale,Huge
39,603,location,"China,Sichuan"
39,603,type,Rainfall-induced Debris Flow
39,603,loss,Other
39,613,loss,Other
39,661,time,"('2008-01-01', '2008-12-31')"
39,661,loss,Other
39,661,control,Infrastructure and Construction Measures
39,701,control,Infrastructure and Construction Measures
39,705,location,China
39,705,factor,Other
39,756,time,"('2008-01-01', '2008-12-31')"
39,756,factor,Other
39,784,time,"('2008-01-01', '2008-12-31')"
39,784,location,China
39,793,factor,Other
39,811,time,"('2008-05-12', '2008-05-12')"
39,811,location,"China,Sichuan"
39,811,loss,Other
39,811,scale,Huge
39,831,location,"China,Sichuan"
39,831,scale,Huge
39,831,factor,Other
39,858,location,China
39,861,time,"('2008-01-01', '2008-12-31')"
39,863,location,"China,Sichuan,Ngawa Tibetan and Qiang Autonomous Prefecture"
39,884,location,"China,Sichuan"
39,884,type,Rainfall-induced Debris Flow
39,884,scale,Huge
39,911,loss,Other
39,911,factor,Other
39,922,loss,Other
39,943,time,"('2008-05-12', '2008-05-12')"
39,943,location,"China,Sichuan"
39,956,location,China
39,956,factor,Other
39,994,location,"China,Sichuan,Ngawa Tibetan and Qiang Autonomous Prefecture"
39,994,loss,Other
39,994,index,Unresolved
39,1000,location,China
39,1000,control,Infrastructure and Construction Measures
39,1002,time,"('2008-05-12', '2008-05-12')"
39,1002,location,"China,Sichuan"
39,1002,loss,Other
39,1002,scale,Huge
39,1005,location,China
39,1026,type,Rainfall-induced Debris Flow
39,1026,factor,Other
39,1056,location,China
39,1056,factor,Other
39,1085,location,"China,Sichuan"
39,1085,scale,Huge
39,1088,scale,Huge
39,1104,control,Infrastructure and Construction Measures
39,1110,type,Rainfall-induced Debris Flow
39,1127,time,"('2008-01-01', '2008-12-31')"
39,1173,location,China
39,1173,control,Infrastructure and Construction Measures
39,1224,loss,Other
39,1228,location,China
39,1235,scale,Huge
39,1248,location,China
39,1248,scale,Huge
39,1253,time,"('2008-06-01', '2008-06-30')"
39,1271,scale,Huge
39,1281,location,"China,Sichuan"
39,1281,factor,Other
39,1281,control,Infrastructure and Construction Measures
39,1298,scale,Huge
39,1306,type,Rainfall-induced Debris Flow
39,1380,location,"China,Sichuan,Ngawa Tibetan and Qiang Autonomous Prefecture"
39,1380,loss,Other
39,1384,scale,Huge
39,1410,loss,Other
39,1431,location,"China,Sichuan"
39,1431,scale,Huge
39,1431,control,Infrastructure and Construction Measures
39,1455,location,China
48,76,location,China
48,76,scale,Huge
48,83,loss,Huge Loss
48,152,location,China
48,168,location,China
48,188,loss,Huge Loss
48,295,time,"('2017-06-24', '2017-06-24')"
48,295,location,"China,Sichuan,Ngawa Tibetan and Qiang Autonomous Prefecture"
48,295,loss,Huge Loss
48,295,scale,Huge
48,298,loss,Huge Loss
48,366,location,"China,Sichuan"
48,372,location,China
48,372,scale,Huge
48,380,location,China
48,380,scale,Huge
48,392,location,China
48,414,loss,Huge Loss
48,425,location,China
48,454,loss,Huge Loss
48,454,scale,Huge
48,459,location,China
48,465,loss,Huge Loss
48,468,location,China
48,501,location,"China,Sichuan"
48,501,loss,Huge Loss
48,513,location,"China,Sichuan,Ngawa Tibetan and Qiang Autonomous Prefecture"
48,534,loss,Huge Loss
48,548,loss,Huge Loss
48,549,loss,Huge Loss
48,552,loss,Huge Loss
48,586,location,China
48,586,loss,Huge Loss
48,589,scale,Huge
48,603,location,"China,Sichuan"
48,705,location,China
48,705,loss,Huge Loss
48,725,loss,Huge Loss
48,784,location,China
48,793,loss,Huge Loss
48,811,location,"China,Sichuan"
48,811,scale,Huge
48,831,location,"China,Sichuan"
48,831,loss,Huge Loss
48,831,scale,Huge
48,858,location,China
48,863,location,"China,Sichuan,Ngawa Tibetan and Qiang Autonomous Prefecture"
48,884,location,"China,Sichuan"
48,884,scale,Huge
48,943,location,"China,Sichuan"
48,943,loss,Huge Loss
48,956,location,China
48,994,time,"('2017-06-24', '2017-06-24')"
48,994,location,"China,Sichuan,Ngawa Tibetan and Qiang Autonomous Prefecture"
48,1000,location,China
48,1002,location,"China,Sichuan"
48,1002,scale,Huge
48,1005,location,China
48,1026,loss,Huge Loss
48,1056,location,China
48,1085,location,"China,Sichuan"
48,1085,scale,Huge
48,1088,loss,Huge Loss
48,1088,scale,Huge
48,1104,loss,Huge Loss
48,1127,loss,Huge Loss
48,1173,location,China
48,1228,location,China
48,1235,loss,Huge Loss
48,1235,scale,Huge
48,1248,location,China
48,1248,scale,Huge
48,1253,loss,Huge Loss
48,1271,scale,Huge
48,1281,location,"China,Sichuan"
48,1281,loss,Huge Loss
48,1298,loss,Huge Loss
48,1298,scale,Huge
48,1339,loss,Huge Loss
48,1349,loss,Huge Loss
48,1380,location,"China,Sichuan,Ngawa Tibetan and Qiang Autonomous Prefecture"
48,1384,scale,Huge
48,1431,location,"China,Sichuan"
48,1431,scale,Huge
48,1455,location,China
57,68,type,Other
57,83,type,Other
57,168,time,"('2010-01-01', '2010-12-31')"
57,170,type,Other
57,170,control,Infrastructure and Construction Measures
57,295,type,Other
57,298,type,Other
57,366,type,Other
57,380,type,Other
57,454,type,Other
57,459,time,"('2010-01-01', '2010-12-31')"
57,501,type,Other
57,548,type,Other
57,586,time,"('2010-06-28', '2010-06-28')"
57,661,control,Infrastructure and Construction Measures
57,701,control,Infrastructure and Construction Measures
57,725,time,"('2010-01-01', '2010-12-31')"
57,756,time,"('2010-01-01', '2010-12-31')"
57,793,type,Other
57,819,time,"('2010-12-01', '2010-12-31')"
57,861,time,"('2010-01-01', '2010-12-31')"
57,956,type,Other
57,1000,type,Other
57,1000,control,Infrastructure and Construction Measures
57,1002,type,Other
57,1005,type,Other
57,1059,type,Other
57,1085,type,Other
57,1104,control,Infrastructure and Construction Measures
57,1127,time,"('2010-01-01', '2010-12-31')"
57,1173,control,Infrastructure and Construction Measures
57,1228,type,Other
57,1235,type,Other
57,1281,type,Other
57,1281,control,Infrastructure and Construction Measures
57,1347,type,Other
57,1349,time,"('2010-02-20', '2010-02-20')"
57,1380,time,"('2010-08-13', '2010-08-13')"
57,1380,type,Other
57,1410,type,Other
57,1429,type,Other
57,1431,control,Infrastructure and Construction Measures
57,1455,time,"('2010-01-01', '2010-12-31')"
68,76,loss,Other
68,83,time,"('1985-11-01', '1985-11-30')"
68,83,type,Other
68,170,type,Other
68,188,location,United States
68,265,loss,Other
68,265,scale,Large
68,295,type,Other
68,298,type,Other
68,344,scale,Large
68,366,type,Other
68,366,loss,Other
68,366,scale,Large
68,380,type,Other
68,380,loss,Other
68,392,loss,Other
68,414,factor,Other
68,425,loss,Other
68,433,location,United States
68,437,loss,Other
68,454,type,Other
68,468,loss,Other
68,473,location,United States
68,501,type,Other
68,513,loss,Other
68,513,scale,Large
68,548,type,Other
68,549,location,United States
68,586,scale,Large
68,586,factor,Other
68,589,loss,Other
68,603,loss,Other
68,613,loss,Other
68,661,loss,Other
68,701,time,"('1985-11-01', '1985-11-30')"
68,705,factor,Other
68,756,time,"('1985-11-01', '1985-11-30')"
68,756,factor,Other
68,793,type,Other
68,793,factor,Other
68,811,loss,Other
68,831,factor,Other
68,858,scale,Large
68,911,loss,Other
68,911,factor,Other
68,922,loss,Other
68,956,type,Other
68,956,factor,Other
68,994,loss,Other
68,1000,type,Other
68,1002,type,Other
68,1002,loss,Other
68,1005,type,Other
68,1026,location,United States
68,1026,factor,Other
68,1056,factor,Other
68,1059,location,United States
68,1059,type,Other
68,1085,type,Other
68,1127,time,"('1985-11-01', '1985-11-30')"
68,1173,scale,Large
68,1224,loss,Other
68,1224,scale,Large
68,1228,type,Other
68,1235,type,Other
68,1271,location,United States
68,1281,type,Other
68,1281,factor,Other
68,1347,type,Other
68,1380,type,Other
68,1380,loss,Other
68,1380,scale,Large
68,1410,type,Other
68,1410,loss,Other
68,1410,scale,Large
68,1429,type,Other
76,152,location,China
76,168,time,"('2012-07-31', '2012-07-31')"
76,168,location,China
76,168,index,Volume
76,170,index,Volume
76,171,method,Modeling and Analysis
76,193,index,Volume
76,265,loss,Other
76,295,location,China
76,295,scale,Huge
76,295,method,Modeling and Analysis
76,366,location,China
76,366,loss,Other
76,372,location,China
76,372,scale,Huge
76,380,location,China
76,380,loss,Other
76,380,scale,Huge
76,392,location,China
76,392,loss,Other
76,392,index,Volume
76,392,method,Modeling and Analysis
76,425,location,China
76,425,loss,Other
76,437,loss,Other
76,437,method,Modeling and Analysis
76,454,scale,Huge
76,459,time,"('2012-07-31', '2012-07-31')"
76,459,location,China
76,468,location,China
76,468,loss,Other
76,468,index,Volume
76,501,location,China
76,501,method,Modeling and Analysis
76,502,index,Volume
76,513,location,China
76,513,loss,Other
76,548,method,Modeling and Analysis
76,549,method,Modeling and Analysis
76,586,location,China
76,586,index,Volume
76,586,method,Modeling and Analysis
76,589,loss,Other
76,589,scale,Huge
76,603,location,China
76,603,loss,Other
76,603,method,Modeling and Analysis
76,613,loss,Other
76,661,loss,Other
76,661,index,Volume
76,705,location,China
76,706,index,Volume
76,756,time,"('2012-07-31', '2012-07-31')"
76,756,index,Volume
76,784,location,China
76,793,method,Modeling and Analysis
76,811,location,China
76,811,loss,Other
76,811,scale,Huge
76,819,index,Volume
76,831,location,China
76,831,scale,Huge
76,841,index,Volume
76,841,method,Modeling and Analysis
76,858,location,China
76,858,index,Volume
76,861,method,Modeling and Analysis
76,863,location,China
76,884,location,China
76,884,scale,Huge
76,884,method,Modeling and Analysis
76,911,loss,Other
76,911,index,Volume
76,922,loss,Other
76,922,index,Volume
76,943,location,China
76,956,location,China
76,994,location,China
76,994,loss,Other
76,1000,location,China
76,1002,location,China
76,1002,loss,Other
76,1002,scale,Huge
76,1005,location,China
76,1056,location,China
76,1056,method,Modeling and Analysis
76,1085,location,China
76,1085,scale,Huge
76,1088,scale,Huge
76,1127,time,"('2012-07-31', '2012-07-31')"
76,1173,location,China
76,1224,loss,Other
76,1224,index,Volume
76,1228,location,China
76,1235,index,Volume
76,1235,scale,Huge
76,1248,location,China
76,1248,scale,Huge
76,1248,method,Modeling and Analysis
76,1271,scale,Huge
76,1281,location,China
76,1281,method,Modeling and Analysis
76,1298,scale,Huge
76,1339,index,Volume
76,1339,method,Modeling and Analysis
76,1380,location,China
76,1380,loss,Other
76,1384,scale,Huge
76,1410,loss,Other
76,1410,method,Modeling and Analysis
76,1431,location,China
76,1431,scale,Huge
76,1431,method,Modeling and Analysis
76,1455,time,"('2012-07-31', '2012-07-31')"
76,1455,location,China
83,170,time,"('1986-08-01', '1986-08-31')"
83,170,type,Other
83,188,loss,Huge Loss
83,193,time,"('1998-10-30', '1998-10-30')"
83,295,type,Other
83,295,loss,Huge Loss
83,298,type,Other
83,298,loss,Huge Loss
83,366,type,Other
83,372,time,"('1999-01-01', '1999-12-31')"
83,380,type,Other
83,392,time,"('1999-01-01', '1999-12-31')"
83,414,time,"('1963-01-01', '1963-12-31')"
83,414,loss,Huge Loss
83,425,time,"('1986-01-01', '1999-12-31')"
83,433,time,"('1991-09-01', '1991-09-30')"
83,454,type,Other
83,454,loss,Huge Loss
83,465,time,"('1997-01-01', '1997-12-31')"
83,465,loss,Huge Loss
83,473,time,"('1996-01-01', '1996-12-31')"
83,501,type,Other
83,501,loss,Huge Loss
83,534,time,"('1999-12-15', '1999-12-16')"
83,534,loss,Huge Loss
83,548,type,Other
83,548,loss,Huge Loss
83,549,loss,Huge Loss
83,552,loss,Huge Loss
83,586,loss,Huge Loss
83,613,time,"('1995-02-01', '1995-02-28')"
83,701,time,"('1980-01-01', '1999-12-31')"
83,705,time,"('1999-09-21', '1999-09-21')"
83,705,loss,Huge Loss
83,706,time,"('1960-05-22', '1960-05-22')"
83,725,loss,Huge Loss
83,756,time,"('1984-01-01', '1999-12-31')"
83,756,location,"Hong Kong,Kowloon"
83,784,time,"('1988-01-01', '1999-12-31')"
83,793,type,Other
83,793,loss,Huge Loss
83,831,loss,Huge Loss
83,861,time,"('1990-01-01', '1999-12-31')"
83,911,time,"('1755-11-01', '1755-11-01')"
83,943,loss,Huge Loss
83,956,time,"('1999-06-01', '1999-08-31')"
83,956,type,Other
83,1000,type,Other
83,1002,type,Other
83,1005,type,Other
83,1026,time,"('1969-08-19', '1969-08-20')"
83,1026,loss,Huge Loss
83,1059,type,Other
83,1085,type,Other
83,1088,loss,Huge Loss
83,1104,loss,Huge Loss
83,1127,time,"('1941-01-01', '1999-12-31')"
83,1127,loss,Huge Loss
83,1224,time,"('1987-06-01', '1987-08-31')"
83,1228,type,Other
83,1235,type,Other
83,1235,loss,Huge Loss
83,1253,loss,Huge Loss
83,1271,time,"('1999-06-01', '1999-08-31')"
83,1281,type,Other
83,1281,loss,Huge Loss
83,1298,loss,Huge Loss
83,1339,loss,Huge Loss
83,1347,type,Other
83,1349,loss,Huge Loss
83,1380,type,Other
83,1410,time,"('1998-01-01', '1998-12-31')"
83,1410,type,Other
83,1429,type,Other
83,1440,time,"('1997-12-26', '1997-12-26')"
152,168,location,China
152,295,location,China
152,366,location,China
152,372,location,China
152,380,location,China
152,392,location,China
152,425,time,"('2000-01-01', '2000-12-31')"
152,425,location,China
152,459,location,China
152,468,location,China
152,501,location,China
152,513,location,China
152,534,index,Other
152,586,location,China
152,603,location,China
152,701,time,"('2000-01-01', '2000-12-31')"
152,705,location,China
152,756,time,"('2000-01-01', '2000-12-31')"
152,771,index,Other
152,784,time,"('2000-01-01', '2000-12-31')"
152,784,location,China
152,811,location,China
152,831,location,China
152,858,location,China
152,861,time,"('2000-01-01', '2000-12-31')"
152,863,location,China
152,884,location,China
152,943,location,China
152,956,location,China
152,994,location,China
152,1000,location,China
152,1002,location,China
152,1005,location,"China,Gansu"
152,1056,location,China
152,1085,location,China
152,1127,time,"('2000-01-01', '2000-12-31')"
152,1173,location,China
152,1228,location,China
152,1248,location,China
152,1281,location,China
152,1380,location,China
152,1431,location,China
152,1455,location,China
168,170,index,Volume
168,193,index,Volume
168,256,time,"('2009-07-01', '2009-07-31')"
168,295,location,China
168,366,location,China
168,372,location,China
168,380,location,China
168,392,location,China
168,392,index,Volume
168,425,location,China
168,459,time,"('2009-01-01', '2012-12-31')"
168,459,location,China
168,468,time,"('2014-01-01', '2014-12-31')"
168,468,location,China
168,468,index,Volume
168,501,time,"('2013-07-20', '2013-07-20')"
168,501,location,China
168,502,index,Volume
168,513,location,China
168,548,time,"('2011-01-01', '2011-12-31')"
168,549,time,"('2014-01-01', '2014-12-31')"
168,586,time,"('2010-06-28', '2010-06-28')"
168,586,location,China
168,586,index,Volume
168,603,location,China
168,661,time,"('2009-01-01', '2009-12-31')"
168,661,index,Volume
168,705,location,China
168,706,index,Volume
168,725,time,"('2010-01-01', '2010-12-31')"
168,756,time,"('2009-01-01', '2013-12-31')"
168,756,index,Volume
168,784,time,"('2009-01-01', '2009-12-31')"
168,784,location,China
168,793,time,"('2009-11-10', '2009-11-10')"
168,811,location,China
168,819,time,"('2010-12-01', '2010-12-31')"
168,819,index,Volume
168,831,location,China
168,841,index,Volume
168,858,location,China
168,858,index,Volume
168,861,time,"('2009-01-01', '2010-12-31')"
168,863,location,China
168,884,location,China
168,911,index,Volume
168,922,index,Volume
168,943,location,China
168,956,location,China
168,994,location,China
168,1000,location,China
168,1002,location,China
168,1005,location,China
168,1056,location,China
168,1059,time,"('2013-09-09', '2013-09-13')"
168,1085,time,"('2013-07-04', '2013-07-04')"
168,1085,location,China
168,1127,time,"('2009-01-01', '2014-12-31')"
168,1173,location,China
168,1224,index,Volume
168,1228,location,China
168,1235,index,Volume
168,1248,location,China
168,1277,time,"('2014-09-01', '2014-09-30')"
168,1281,location,China
168,1298,time,"('2014-05-01', '2014-05-31')"
168,1306,time,"('2012-09-06', '2012-09-06')"
168,1339,index,Volume
168,1349,time,"('2010-02-20', '2010-02-20')"
168,1380,time,"('2010-08-13', '2010-08-13')"
168,1380,location,China
168,1384,time,"('2011-07-27', '2011-07-27')"
168,1429,time,"('2011-07-27', '2011-07-27')"
168,1431,location,China
168,1455,time,"('2009-01-01', '2012-12-31')"
168,1455,location,China
170,193,index,Volume
170,265,factor,Geologic Factors
170,295,type,Other
170,298,type,Other
170,366,type,Other
170,380,type,Other
170,392,index,Volume
170,425,time,"('1986-08-01', '1986-08-31')"
170,454,type,Other
170,459,factor,Geologic Factors
170,468,index,Volume
170,468,factor,Geologic Factors
170,501,type,Other
170,502,index,Volume
170,534,factor,Geologic Factors
170,548,type,Other
170,586,index,Volume
170,603,factor,Geologic Factors
170,661,index,Volume
170,661,factor,Geologic Factors
170,661,control,Infrastructure and Construction Measures
170,701,time,"('1986-08-01', '1986-08-31')"
170,701,control,Infrastructure and Construction Measures
170,706,index,Volume
170,725,factor,Geologic Factors
170,756,time,"('1986-08-01', '1986-08-31')"
170,756,index,Volume
170,793,type,Other
170,819,index,Volume
170,841,index,Volume
170,858,index,Volume
170,863,factor,Geologic Factors
170,911,index,Volume
170,922,index,Volume
170,956,type,Other
170,1000,type,Other
170,1000,control,Infrastructure and Construction Measures
170,1002,type,Other
170,1005,type,Other
170,1059,type,Other
170,1085,type,Other
170,1104,control,Infrastructure and Construction Measures
170,1127,time,"('1986-08-01', '1986-08-31')"
170,1173,control,Infrastructure and Construction Measures
170,1224,index,Volume
170,1228,type,Other
170,1235,type,Other
170,1235,index,Volume
170,1281,type,Other
170,1281,control,Infrastructure and Construction Measures
170,1339,index,Volume
170,1347,type,Other
170,1380,type,Other
170,1380,factor,Geologic Factors
170,1410,type,Other
170,1429,type,Other
170,1431,control,Infrastructure and Construction Measures
171,295,method,Modeling and Analysis
171,298,location,"Canada,British Columbia"
171,392,method,Modeling and Analysis
171,414,location,"Canada,British Columbia"
171,437,method,Modeling and Analysis
171,501,method,Modeling and Analysis
171,548,method,Modeling and Analysis
171,549,method,Modeling and Analysis
171,586,method,Modeling and Analysis
171,603,method,Modeling and Analysis
171,793,method,Modeling and Analysis
171,841,method,Modeling and Analysis
171,861,method,Modeling and Analysis
171,884,method,Modeling and Analysis
171,1056,method,Modeling and Analysis
171,1104,location,"Canada,British Columbia"
171,1248,method,Modeling and Analysis
171,1281,method,Modeling and Analysis
171,1339,method,Modeling and Analysis
171,1410,method,Modeling and Analysis
171,1431,method,Modeling and Analysis
188,295,loss,Huge Loss
188,298,loss,Huge Loss
188,414,loss,Huge Loss
188,433,location,United States
188,454,loss,Huge Loss
188,465,loss,Huge Loss
188,473,location,United States
188,501,loss,Huge Loss
188,534,loss,Huge Loss
188,548,loss,Huge Loss
188,549,location,United States
188,549,loss,Huge Loss
188,552,loss,Huge Loss
188,586,loss,Huge Loss
188,589,type,Rainfall-induced Debris Flow
188,603,type,Rainfall-induced Debris Flow
188,705,loss,Huge Loss
188,725,loss,Huge Loss
188,793,loss,Huge Loss
188,831,loss,Huge Loss
188,884,type,Rainfall-induced Debris Flow
188,943,loss,Huge Loss
188,1026,location,United States
188,1026,type,Rainfall-induced Debris Flow
188,1026,loss,Huge Loss
188,1059,location,United States
188,1088,loss,Huge Loss
188,1104,loss,Huge Loss
188,1110,type,Rainfall-induced Debris Flow
188,1127,loss,Huge Loss
188,1235,loss,Huge Loss
188,1253,loss,Huge Loss
188,1271,location,"United States,California"
188,1281,loss,Huge Loss
188,1298,loss,Huge Loss
188,1306,type,Rainfall-induced Debris Flow
188,1339,loss,Huge Loss
188,1349,loss,Huge Loss
193,392,index,Volume
193,425,time,"('1998-10-30', '1998-10-30')"
193,468,index,Volume
193,502,index,Volume
193,586,index,Volume
193,661,index,Volume
193,701,time,"('1998-10-30', '1998-10-30')"
193,706,index,Volume
193,756,time,"('1998-10-30', '1998-10-30')"
193,756,index,Volume
193,784,time,"('1998-10-30', '1998-10-30')"
193,819,index,Volume
193,841,index,Volume
193,858,index,Volume
193,861,time,"('1998-10-30', '1998-10-30')"
193,911,index,Volume
193,922,index,Volume
193,1127,time,"('1998-10-30', '1998-10-30')"
193,1224,index,Volume
193,1235,index,Volume
193,1339,index,Volume
193,1410,time,"('1998-10-30', '1998-10-30')"
256,433,loss,Slight Loss
256,433,index,Discharge and Precipitation
256,437,location,Japan
256,459,time,"('2009-07-01', '2009-07-31')"
256,473,loss,Slight Loss
256,552,location,Japan
256,598,location,Japan
256,661,time,"('2009-07-01', '2009-07-31')"
256,701,location,Japan
256,756,time,"('2009-07-01', '2009-07-31')"
256,784,time,"('2009-07-01', '2009-07-31')"
256,784,loss,Slight Loss
256,841,loss,Slight Loss
256,861,time,"('2009-07-01', '2009-07-31')"
256,956,loss,Slight Loss
256,1056,loss,Slight Loss
256,1127,time,"('2009-07-01', '2009-07-31')"
256,1298,index,Discharge and Precipitation
256,1306,index,Discharge and Precipitation
256,1384,index,Discharge and Precipitation
256,1410,index,Discharge and Precipitation
256,1455,time,"('2009-07-01', '2009-07-31')"
265,344,scale,Large
265,366,loss,Other
265,366,scale,Large
265,380,loss,Other
265,392,loss,Other
265,425,loss,Other
265,437,loss,Other
265,459,factor,Geologic Factors
265,468,loss,Other
265,468,factor,Geologic Factors
265,513,loss,Other
265,513,scale,Large
265,534,factor,Geologic Factors
265,586,scale,Large
265,589,loss,Other
265,603,loss,Other
265,603,factor,Geologic Factors
265,613,loss,Other
265,661,loss,Other
265,661,factor,Geologic Factors
265,706,method,Remote Sensing and Imaging
265,725,factor,Geologic Factors
265,811,loss,Other
265,811,method,Remote Sensing and Imaging
265,819,method,Remote Sensing and Imaging
265,858,scale,Large
265,858,method,Remote Sensing and Imaging
265,863,factor,Geologic Factors
265,911,loss,Other
265,922,loss,Other
265,922,method,Remote Sensing and Imaging
265,994,loss,Other
265,1002,loss,Other
265,1088,method,Remote Sensing and Imaging
265,1173,scale,Large
265,1224,loss,Other
265,1224,scale,Large
265,1253,method,Remote Sensing and Imaging
265,1380,loss,Other
265,1380,scale,Large
265,1380,factor,Geologic Factors
265,1410,loss,Other
265,1410,scale,Large
295,298,type,Other
295,298,loss,Huge Loss
295,366,location,"China,Sichuan"
295,366,type,Other
295,372,location,China
295,372,scale,Huge
295,380,location,China
295,380,type,Other
295,380,scale,Huge
295,392,location,China
295,392,method,Modeling and Analysis
295,414,loss,Huge Loss
295,425,location,China
295,437,method,Modeling and Analysis
295,454,type,Other
295,454,loss,Huge Loss
295,454,scale,Huge
295,459,location,China
295,465,loss,Huge Loss
295,468,location,China
295,501,location,"China,Sichuan"
295,501,type,Other
295,501,loss,Huge Loss
295,501,method,Modeling and Analysis
295,513,location,"China,Sichuan,Ngawa Tibetan and Qiang Autonomous Prefecture"
295,534,loss,Huge Loss
295,548,type,Other
295,548,loss,Huge Loss
295,548,method,Modeling and Analysis
295,549,loss,Huge Loss
295,549,method,Modeling and Analysis
295,552,loss,Huge Loss
295,586,location,China
295,586,loss,Huge Loss
295,586,method,Modeling and Analysis
295,589,scale,Huge
295,603,location,"China,Sichuan"
295,603,method,Modeling and Analysis
295,705,location,China
295,705,loss,Huge Loss
295,725,loss,Huge Loss
295,784,location,China
295,793,type,Other
295,793,loss,Huge Loss
295,793,method,Modeling and Analysis
295,811,location,"China,Sichuan"
295,811,scale,Huge
295,831,location,"China,Sichuan"
295,831,loss,Huge Loss
295,831,scale,Huge
295,841,method,Modeling and Analysis
295,858,location,China
295,861,method,Modeling and Analysis
295,863,location,"China,Sichuan,Ngawa Tibetan and Qiang Autonomous Prefecture"
295,884,location,"China,Sichuan"
295,884,scale,Huge
295,884,method,Modeling and Analysis
295,943,location,"China,Sichuan"
295,943,loss,Huge Loss
295,956,location,China
295,956,type,Other
295,994,time,"('2017-06-24', '2017-06-24')"
295,994,location,"China,Sichuan,Ngawa Tibetan and Qiang Autonomous Prefecture"
295,1000,location,China
295,1000,type,Other
295,1002,location,"China,Sichuan"
295,1002,type,Other
295,1002,scale,Huge
295,1005,location,China
295,1005,type,Other
295,1026,loss,Huge Loss
295,1056,location,China
295,1056,method,Modeling and Analysis
295,1059,type,Other
295,1085,location,"China,Sichuan"
295,1085,type,Other
295,1085,scale,Huge
295,1088,loss,Huge Loss
295,1088,scale,Huge
295,1104,loss,Huge Loss
295,1127,loss,Huge Loss
295,1173,location,China
295,1228,location,China
295,1228,type,Other
295,1235,type,Other
295,1235,loss,Huge Loss
295,1235,scale,Huge
295,1248,location,China
295,1248,scale,Huge
295,1248,method,Modeling and Analysis
295,1253,loss,Huge Loss
295,1271,scale,Huge
295,1281,location,"China,Sichuan"
295,1281,type,Other
295,1281,loss,Huge Loss
295,1281,method,Modeling and Analysis
295,1298,loss,Huge Loss
295,1298,scale,Huge
295,1339,loss,Huge Loss
295,1339,method,Modeling and Analysis
295,1347,type,Other
295,1349,loss,Huge Loss
295,1380,location,"China,Sichuan,Ngawa Tibetan and Qiang Autonomous Prefecture"
295,1380,type,Other
295,1384,scale,Huge
295,1410,type,Other
295,1410,method,Modeling and Analysis
295,1429,type,Other
295,1431,location,"China,Sichuan"
295,1431,scale,Huge
295,1431,method,Modeling and Analysis
295,1455,location,China
298,366,type,Other
298,380,type,Other
298,414,location,"Canada,British Columbia"
298,414,loss,Huge Loss
298,454,type,Other
298,454,loss,Huge Loss
298,465,loss,Huge Loss
298,501,type,Other
298,501,loss,Huge Loss
298,534,loss,Huge Loss
298,548,type,Other
298,548,loss,Huge Loss
298,549,loss,Huge Loss
298,552,loss,Huge Loss
298,586,loss,Huge Loss
298,705,loss,Huge Loss
298,725,loss,Huge Loss
298,793,type,Other
298,793,loss,Huge Loss
298,831,loss,Huge Loss
298,943,loss,Huge Loss
298,956,type,Other
298,1000,type,Other
298,1002,type,Other
298,1005,type,Other
298,1026,loss,Huge Loss
298,1059,type,Other
298,1085,type,Other
298,1088,loss,Huge Loss
298,1104,location,"Canada,British Columbia"
298,1104,loss,Huge Loss
298,1127,loss,Huge Loss
298,1228,type,Other
298,1235,type,Other
298,1235,loss,Huge Loss
298,1253,loss,Huge Loss
298,1281,type,Other
298,1281,loss,Huge Loss
298,1298,loss,Huge Loss
298,1339,loss,Huge Loss
298,1347,type,Other
298,1349,loss,Huge Loss
298,1380,type,Other
298,1410,type,Other
298,1429,type,Other
344,366,scale,Large
344,380,index,Acceleration and Velocity
344,425,time,"('2002-01-01', '2004-12-31')"
344,437,time,"('2004-01-01', '2004-12-31')"
344,513,scale,Large
344,586,scale,Large
344,701,time,"('2002-01-01', '2004-12-31')"
344,756,time,"('2002-01-01', '2004-12-31')"
344,784,time,"('2002-01-01', '2004-12-31')"
344,841,time,"('2003-01-10', '2003-01-10')"
344,841,location,Italy
344,858,scale,Large
344,861,time,"('2002-01-01', '2004-12-31')"
344,1127,time,"('2002-01-01', '2004-12-31')"
344,1127,location,Italy
344,1173,scale,Large
344,1224,scale,Large
344,1235,time,"('2002-09-20', '2002-09-20')"
344,1248,index,Acceleration and Velocity
344,1306,location,Italy
344,1380,scale,Large
344,1410,scale,Large
366,372,location,China
366,380,location,China
366,380,type,Other
366,380,loss,Other
366,392,location,China
366,392,loss,Other
366,425,location,China
366,425,loss,Other
366,437,loss,Other
366,454,type,Other
366,459,location,China
366,468,location,China
366,468,loss,Other
366,501,location,"China,Sichuan"
366,501,type,Other
366,513,location,"China,Sichuan"
366,513,loss,Other
366,513,scale,Large
366,548,type,Other
366,586,location,China
366,586,scale,Large
366,589,loss,Other
366,603,location,"China,Sichuan"
366,603,loss,Other
366,613,loss,Other
366,661,loss,Other
366,705,location,China
366,784,location,China
366,793,type,Other
366,811,location,"China,Sichuan"
366,811,loss,Other
366,831,location,"China,Sichuan"
366,858,location,China
366,858,scale,Large
366,863,location,"China,Sichuan"
366,884,location,"China,Sichuan"
366,911,loss,Other
366,922,loss,Other
366,943,location,"China,Sichuan"
366,956,location,China
366,956,type,Other
366,994,location,"China,Sichuan"
366,994,loss,Other
366,1000,location,China
366,1000,type,Other
366,1002,location,"China,Sichuan"
366,1002,type,Other
366,1002,loss,Other
366,1005,location,China
366,1005,type,Other
366,1056,location,China
366,1059,type,Other
366,1085,location,"China,Sichuan"
366,1085,type,Other
366,1173,location,China
366,1173,scale,Large
366,1224,loss,Other
366,1224,scale,Large
366,1228,location,China
366,1228,type,Other
366,1235,type,Other
366,1248,location,China
366,1281,time,"('2020-06-17', '2020-06-17')"
366,1281,location,"China,Sichuan,Garzê Tibetan Autonomous Prefecture"
366,1281,type,Other
366,1347,type,Other
366,1380,location,"China,Sichuan"
366,1380,type,Other
366,1380,loss,Other
366,1380,scale,Large
366,1410,type,Other
366,1410,loss,Other
366,1410,scale,Large
366,1429,type,Other
366,1431,location,"China,Sichuan"
366,1455,location,China
372,380,location,China
372,380,scale,Huge
372,392,time,"('1999-01-01', '1999-12-31')"
372,392,location,"China,Taiwan"
372,425,time,"('1999-01-01', '1999-12-31')"
372,425,location,"China,Taiwan"
372,454,scale,Huge
372,459,location,"China,Taiwan"
372,468,location,China
372,501,location,China
372,513,location,China
372,534,time,"('1999-12-15', '1999-12-16')"
372,586,location,China
372,589,scale,Huge
372,603,location,China
372,701,time,"('1999-01-01', '1999-12-31')"
372,705,time,"('1999-09-21', '1999-09-21')"
372,705,location,"China,Taiwan"
372,756,time,"('1999-01-01', '1999-12-31')"
372,784,time,"('1999-01-01', '1999-12-31')"
372,784,location,"China,Taiwan"
372,811,location,China
372,811,scale,Huge
372,831,location,China
372,831,scale,Huge
372,858,location,China
372,861,time,"('1999-01-01', '1999-12-31')"
372,863,location,China
372,884,location,China
372,884,scale,Huge
372,943,location,China
372,956,time,"('1999-06-01', '1999-08-31')"
372,956,location,"China,Taiwan"
372,994,location,China
372,1000,location,China
372,1002,location,China
372,1002,scale,Huge
372,1005,location,China
372,1056,location,China
372,1085,location,China
372,1085,scale,Huge
372,1088,scale,Huge
372,1127,time,"('1999-01-01', '1999-12-31')"
372,1173,location,China
372,1228,location,"China,Taiwan"
372,1235,scale,Huge
372,1248,location,China
372,1248,scale,Huge
372,1271,time,"('1999-06-01', '1999-08-31')"
372,1271,scale,Huge
372,1281,location,China
372,1298,scale,Huge
372,1380,location,China
372,1384,scale,Huge
372,1431,location,China
372,1431,scale,Huge
372,1455,location,China
380,392,location,China
380,392,loss,Other
380,425,location,China
380,425,loss,Other
380,437,loss,Other
380,454,type,Other
380,454,scale,Huge
380,459,location,China
380,468,location,China
380,468,loss,Other
380,501,location,China
380,501,type,Other
380,513,location,China
380,513,loss,Other
380,548,type,Other
380,586,location,China
380,589,loss,Other
380,589,scale,Huge
380,603,location,China
380,603,loss,Other
380,603,control,Other
380,613,loss,Other
380,661,loss,Other
380,705,location,China
380,784,location,China
380,793,type,Other
380,811,location,China
380,811,loss,Other
380,811,scale,Huge
380,831,location,China
380,831,scale,Huge
380,858,location,China
380,863,location,China
380,884,location,China
380,884,scale,Huge
380,911,loss,Other
380,922,loss,Other
380,943,location,China
380,956,location,China
380,956,type,Other
380,994,location,China
380,994,loss,Other
380,1000,location,China
380,1000,type,Other
380,1002,location,China
380,1002,type,Other
380,1002,loss,Other
380,1002,scale,Huge
380,1005,location,China
380,1005,type,Other
380,1056,location,China
380,1059,type,Other
380,1085,location,China
380,1085,type,Other
380,1085,scale,Huge
380,1088,scale,Huge
380,1173,location,China
380,1224,loss,Other
380,1228,location,China
380,1228,type,Other
380,1235,type,Other
380,1235,scale,Huge
380,1248,location,China
380,1248,index,Acceleration and Velocity
380,1248,scale,Huge
380,1271,scale,Huge
380,1281,location,China
380,1281,type,Other
380,1298,scale,Huge
380,1339,control,Other
380,1347,type,Other
380,1380,location,China
380,1380,type,Other
380,1380,loss,Other
380,1384,scale,Huge
380,1410,type,Other
380,1410,loss,Other
380,1429,type,Other
380,1431,location,China
380,1431,scale,Huge
380,1455,location,China
392,425,time,"('1999-01-01', '1999-12-31')"
392,425,location,"China,Taiwan,南投縣"
392,425,loss,Other
392,437,loss,Other
392,437,method,Modeling and Analysis
392,459,location,"China,Taiwan,南投縣"
392,468,location,China
392,468,loss,Other
392,468,index,Volume
392,501,location,China
392,501,method,Modeling and Analysis
392,502,index,Volume
392,513,location,China
392,513,loss,Other
392,534,time,"('1999-12-15', '1999-12-16')"
392,548,method,Modeling and Analysis
392,549,method,Modeling and Analysis
392,586,location,China
392,586,index,Volume
392,586,method,Modeling and Analysis
392,589,loss,Other
392,603,location,China
392,603,loss,Other
392,603,method,Modeling and Analysis
392,613,loss,Other
392,661,loss,Other
392,661,index,Volume
392,701,time,"('1999-01-01', '1999-12-31')"
392,705,time,"('1999-09-21', '1999-09-21')"
392,705,location,"China,Taiwan,南投縣"
392,706,index,Volume
392,756,time,"('1999-01-01', '1999-12-31')"
392,756,index,Volume
392,784,time,"('1999-01-01', '1999-12-31')"
392,784,location,"China,Taiwan"
392,793,method,Modeling and Analysis
392,811,location,China
392,811,loss,Other
392,819,index,Volume
392,831,location,China
392,841,index,Volume
392,841,method,Modeling and Analysis
392,858,location,China
392,858,index,Volume
392,861,time,"('1999-01-01', '1999-12-31')"
392,861,method,Modeling and Analysis
392,863,location,China
392,884,location,China
392,884,method,Modeling and Analysis
392,911,loss,Other
392,911,index,Volume
392,922,loss,Other
392,922,index,Volume
392,943,location,China
392,956,time,"('1999-06-01', '1999-08-31')"
392,956,location,"China,Taiwan,南投縣"
392,994,location,China
392,994,loss,Other
392,1000,location,China
392,1002,location,China
392,1002,loss,Other
392,1005,location,China
392,1056,location,China
392,1056,method,Modeling and Analysis
392,1085,location,China
392,1127,time,"('1999-01-01', '1999-12-31')"
392,1173,location,China
392,1224,loss,Other
392,1224,index,Volume
392,1228,location,"China,Taiwan"
392,1235,index,Volume
392,1248,location,China
392,1248,method,Modeling and Analysis
392,1271,time,"('1999-06-01', '1999-08-31')"
392,1281,location,China
392,1281,method,Modeling and Analysis
392,1339,index,Volume
392,1339,method,Modeling and Analysis
392,1380,location,China
392,1380,loss,Other
392,1410,loss,Other
392,1410,method,Modeling and Analysis
392,1431,location,China
392,1431,method,Modeling and Analysis
392,1455,location,China
414,454,loss,Huge Loss
414,465,loss,Huge Loss
414,501,loss,Huge Loss
414,534,loss,Huge Loss
414,548,loss,Huge Loss
414,549,loss,Huge Loss
414,552,loss,Huge Loss
414,586,loss,Huge Loss
414,586,factor,Other
414,705,loss,Huge Loss
414,705,factor,Other
414,725,loss,Huge Loss
414,756,factor,Other
414,793,loss,Huge Loss
414,793,factor,Other
414,831,loss,Huge Loss
414,831,factor,Other
414,911,factor,Other
414,943,loss,Huge Loss
414,956,factor,Other
414,1026,loss,Huge Loss
414,1026,factor,Other
414,1056,factor,Other
414,1088,loss,Huge Loss
414,1104,location,"Canada,British Columbia"
414,1104,loss,Huge Loss
414,1127,time,"('1963-01-01', '1963-12-31')"
414,1127,loss,Huge Loss
414,1235,loss,Huge Loss
414,1253,loss,Huge Loss
414,1281,loss,Huge Loss
414,1281,factor,Other
414,1298,loss,Huge Loss
414,1339,loss,Huge Loss
414,1349,loss,Huge Loss
425,433,time,"('1991-09-01', '1991-09-30')"
425,437,time,"('2004-01-01', '2004-12-31')"
425,437,loss,Other
425,459,location,"China,Taiwan,南投縣"
425,465,time,"('1997-01-01', '1997-12-31')"
425,468,location,China
425,468,loss,Other
425,473,time,"('1996-01-01', '1996-12-31')"
425,501,location,China
425,502,scale,Slight
425,513,location,China
425,513,loss,Other
425,534,time,"('1999-12-15', '1999-12-16')"
425,548,scale,Slight
425,586,location,China
425,589,loss,Other
425,603,location,China
425,603,loss,Other
425,613,time,"('1995-02-01', '1995-02-28')"
425,613,loss,Other
425,661,loss,Other
425,701,time,"('1986-01-01', '2004-12-31')"
425,705,time,"('1999-09-21', '1999-09-21')"
425,705,location,"China,Taiwan,南投縣"
425,756,time,"('1986-01-01', '2004-12-31')"
425,784,time,"('1988-01-01', '2004-12-31')"
425,784,location,"China,Taiwan"
425,811,location,China
425,811,loss,Other
425,831,location,China
425,841,time,"('2003-01-10', '2003-01-10')"
425,858,location,China
425,861,time,"('1990-01-01', '2004-12-31')"
425,863,location,China
425,884,location,China
425,911,loss,Other
425,922,loss,Other
425,943,location,China
425,956,time,"('1999-06-01', '1999-08-31')"
425,956,location,"China,Taiwan,南投縣"
425,994,location,China
425,994,loss,Other
425,1000,location,China
425,1002,location,China
425,1002,loss,Other
425,1005,location,China
425,1005,scale,Slight
425,1056,location,China
425,1085,location,China
425,1127,time,"('1986-01-01', '2004-12-31')"
425,1173,location,China
425,1224,time,"('1987-06-01', '1987-08-31')"
425,1224,loss,Other
425,1228,time,"('2001-09-15', '2001-09-15')"
425,1228,location,"China,Taiwan"
425,1235,time,"('2002-09-20', '2002-09-20')"
425,1248,location,China
425,1271,time,"('1999-06-01', '1999-08-31')"
425,1281,location,China
425,1380,location,China
425,1380,loss,Other
425,1410,time,"('1998-01-01', '1998-12-31')"
425,1410,loss,Other
425,1431,location,China
425,1440,time,"('1997-12-26', '1997-12-26')"
425,1455,location,China
433,473,location,United States
433,473,loss,Slight Loss
433,549,location,United States
433,701,time,"('1991-09-01', '1991-09-30')"
433,756,time,"('1991-09-01', '1991-09-30')"
433,784,time,"('1991-09-01', '1991-09-30')"
433,784,loss,Slight Loss
433,841,loss,Slight Loss
433,861,time,"('1991-09-01', '1991-09-30')"
433,956,loss,Slight Loss
433,1026,location,United States
433,1056,loss,Slight Loss
433,1059,location,United States
433,1127,time,"('1991-09-01', '1991-09-30')"
433,1271,location,United States
433,1298,index,Discharge and Precipitation
433,1306,index,Discharge and Precipitation
433,1384,index,Discharge and Precipitation
433,1410,index,Discharge and Precipitation
437,468,loss,Other
437,501,method,Modeling and Analysis
437,513,loss,Other
437,548,method,Modeling and Analysis
437,549,method,Modeling and Analysis
437,552,location,Japan
437,586,method,Modeling and Analysis
437,589,loss,Other
437,598,location,Japan
437,603,loss,Other
437,603,method,Modeling and Analysis
437,613,loss,Other
437,661,loss,Other
437,701,time,"('2004-01-01', '2004-12-31')"
437,701,location,"Japan,Nagano"
437,756,time,"('2004-01-01', '2004-12-31')"
437,784,time,"('2004-01-01', '2004-12-31')"
437,793,method,Modeling and Analysis
437,811,loss,Other
437,841,method,Modeling and Analysis
437,861,time,"('2004-01-01', '2004-12-31')"
437,861,method,Modeling and Analysis
437,884,method,Modeling and Analysis
437,911,loss,Other
437,922,loss,Other
437,994,loss,Other
437,1002,loss,Other
437,1056,method,Modeling and Analysis
437,1127,time,"('2004-01-01', '2004-12-31')"
437,1224,loss,Other
437,1248,method,Modeling and Analysis
437,1281,method,Modeling and Analysis
437,1339,method,Modeling and Analysis
437,1380,loss,Other
437,1410,loss,Other
437,1410,method,Modeling and Analysis
437,1431,method,Modeling and Analysis
454,465,loss,Huge Loss
454,501,type,Other
454,501,loss,Huge Loss
454,534,loss,Huge Loss
454,548,location,South Korea
454,548,type,Other
454,548,loss,Huge Loss
454,549,loss,Huge Loss
454,552,loss,Huge Loss
454,586,loss,Huge Loss
454,589,scale,Huge
454,705,loss,Huge Loss
454,725,loss,Huge Loss
454,793,type,Other
454,793,loss,Huge Loss
454,811,scale,Huge
454,831,loss,Huge Loss
454,831,scale,Huge
454,884,scale,Huge
454,943,loss,Huge Loss
454,956,type,Other
454,1000,type,Other
454,1002,type,Other
454,1002,scale,Huge
454,1005,type,Other
454,1026,loss,Huge Loss
454,1059,type,Other
454,1085,type,Other
454,1085,scale,Huge
454,1088,loss,Huge Loss
454,1088,scale,Huge
454,1104,loss,Huge Loss
454,1127,loss,Huge Loss
454,1228,type,Other
454,1235,type,Other
454,1235,loss,Huge Loss
454,1235,scale,Huge
454,1248,scale,Huge
454,1253,loss,Huge Loss
454,1271,scale,Huge
454,1281,type,Other
454,1281,loss,Huge Loss
454,1298,loss,Huge Loss
454,1298,scale,Huge
454,1339,loss,Huge Loss
454,1347,type,Other
454,1349,loss,Huge Loss
454,1380,type,Other
454,1384,location,South Korea
454,1384,scale,Huge
454,1410,type,Other
454,1429,location,South Korea
454,1429,type,Other
454,1431,scale,Huge
459,468,location,China
459,468,factor,Geologic Factors
459,501,location,China
459,513,time,"('2008-01-01', '2008-12-31')"
459,513,location,China
459,534,factor,Geologic Factors
459,548,time,"('2011-01-01', '2011-12-31')"
459,586,time,"('2010-06-28', '2010-06-28')"
459,586,location,China
459,603,location,China
459,603,factor,Geologic Factors
459,661,time,"('2008-01-01', '2009-12-31')"
459,661,factor,Geologic Factors
459,705,location,"China,Taiwan,南投縣"
459,725,time,"('2010-01-01', '2010-12-31')"
459,725,factor,Geologic Factors
459,756,time,"('2006-01-01', '2012-12-31')"
459,771,time,"('2006-07-17', '2006-07-17')"
459,784,time,"('2006-01-01', '2009-12-31')"
459,784,location,"China,Taiwan"
459,793,time,"('2009-11-10', '2009-11-10')"
459,811,time,"('2008-05-12', '2008-05-12')"
459,811,location,China
459,819,time,"('2010-12-01', '2010-12-31')"
459,831,location,China
459,858,location,China
459,861,time,"('2006-01-01', '2010-12-31')"
459,863,location,China
459,863,factor,Geologic Factors
459,884,location,China
459,943,time,"('2008-05-12', '2008-05-12')"
459,943,location,China
459,956,location,"China,Taiwan,南投縣"
459,994,location,China
459,1000,location,China
459,1002,time,"('2008-05-12', '2008-05-12')"
459,1002,location,China
459,1005,location,China
459,1056,location,China
459,1085,location,China
459,1127,time,"('2006-01-01', '2012-12-31')"
459,1173,location,China
459,1228,location,"China,Taiwan"
459,1248,location,China
459,1253,time,"('2008-06-01', '2008-06-30')"
459,1281,location,China
459,1306,time,"('2012-09-06', '2012-09-06')"
459,1349,time,"('2010-02-20', '2010-02-20')"
459,1380,time,"('2010-08-13', '2010-08-13')"
459,1380,location,China
459,1380,factor,Geologic Factors
459,1384,time,"('2011-07-27', '2011-07-27')"
459,1429,time,"('2011-07-27', '2011-07-27')"
459,1431,location,China
459,1455,time,"('2009-01-01', '2012-12-31')"
459,1455,location,China
465,501,loss,Huge Loss
465,502,factor,Climate Factors
465,513,method,Field Studies and Experiments
465,534,loss,Huge Loss
465,548,loss,Huge Loss
465,549,loss,Huge Loss
465,552,loss,Huge Loss
465,586,loss,Huge Loss
465,701,time,"('1997-01-01', '1997-12-31')"
465,705,loss,Huge Loss
465,725,loss,Huge Loss
465,756,time,"('1997-01-01', '1997-12-31')"
465,771,method,Field Studies and Experiments
465,784,time,"('1997-01-01', '1997-12-31')"
465,784,factor,Climate Factors
465,793,loss,Huge Loss
465,831,loss,Huge Loss
465,858,factor,Climate Factors
465,861,time,"('1997-01-01', '1997-12-31')"
465,861,factor,Climate Factors
465,863,method,Field Studies and Experiments
465,911,location,Portugal
465,943,loss,Huge Loss
465,1026,loss,Huge Loss
465,1085,method,Field Studies and Experiments
465,1088,loss,Huge Loss
465,1088,factor,Climate Factors
465,1104,loss,Huge Loss
465,1127,time,"('1997-01-01', '1997-12-31')"
465,1127,loss,Huge Loss
465,1127,factor,Climate Factors
465,1224,method,Field Studies and Experiments
465,1235,loss,Huge Loss
465,1253,loss,Huge Loss
465,1271,method,Field Studies and Experiments
465,1281,loss,Huge Loss
465,1298,loss,Huge Loss
465,1306,method,Field Studies and Experiments
465,1339,loss,Huge Loss
465,1349,location,Portugal
465,1349,loss,Huge Loss
465,1380,method,Field Studies and Experiments
465,1410,factor,Climate Factors
465,1440,time,"('1997-12-26', '1997-12-26')"
468,501,location,China
468,502,index,Volume
468,513,location,China
468,513,loss,Other
468,534,factor,Geologic Factors
468,549,time,"('2014-01-01', '2014-12-31')"
468,586,location,China
468,586,index,Volume
468,589,loss,Other
468,603,location,China
468,603,loss,Other
468,603,factor,Geologic Factors
468,613,loss,Other
468,661,loss,Other
468,661,index,Volume
468,661,factor,Geologic Factors
468,705,location,China
468,706,index,Volume
468,725,factor,Geologic Factors
468,756,index,Volume
468,784,location,China
468,811,location,China
468,811,loss,Other
468,819,index,Volume
468,831,location,China
468,841,index,Volume
468,858,location,China
468,858,index,Volume
468,863,location,China
468,863,factor,Geologic Factors
468,884,location,China
468,911,loss,Other
468,911,index,Volume
468,922,loss,Other
468,922,index,Volume
468,943,location,China
468,956,location,China
468,994,location,China
468,994,loss,Other
468,1000,location,China
468,1002,location,China
468,1002,loss,Other
468,1005,location,China
468,1056,location,China
468,1085,location,China
468,1127,time,"('2014-01-01', '2014-12-31')"
468,1173,location,China
468,1224,loss,Other
468,1224,index,Volume
468,1228,location,China
468,1235,index,Volume
468,1248,location,China
468,1277,time,"('2014-09-01', '2014-09-30')"
468,1281,location,China
468,1298,time,"('2014-05-01', '2014-05-31')"
468,1339,index,Volume
468,1380,location,China
468,1380,loss,Other
468,1380,factor,Geologic Factors
468,1410,loss,Other
468,1431,location,China
468,1455,location,China
473,549,location,United States
473,549,index,Deformation Rate
473,701,time,"('1996-01-01', '1996-12-31')"
473,756,time,"('1996-01-01', '1996-12-31')"
473,784,time,"('1996-01-01', '1996-12-31')"
473,784,loss,Slight Loss
473,841,loss,Slight Loss
473,861,time,"('1996-01-01', '1996-12-31')"
473,956,loss,Slight Loss
473,1026,location,United States
473,1056,loss,Slight Loss
473,1056,index,Deformation Rate
473,1059,location,United States
473,1127,time,"('1996-01-01', '1996-12-31')"
473,1271,location,United States
501,513,location,"China,Sichuan"
501,534,loss,Huge Loss
501,548,type,Other
501,548,loss,Huge Loss
501,548,method,Modeling and Analysis
501,549,loss,Huge Loss
501,549,method,Modeling and Analysis
501,552,loss,Huge Loss
501,586,location,China
501,586,loss,Huge Loss
501,586,method,Modeling and Analysis
501,603,location,"China,Sichuan,Chengdu"
501,603,method,Modeling and Analysis
501,705,location,China
501,705,loss,Huge Loss
501,725,loss,Huge Loss
501,756,time,"('2013-07-20', '2013-07-20')"
501,784,location,China
501,793,type,Other
501,793,loss,Huge Loss
501,793,method,Modeling and Analysis
501,811,location,"China,Sichuan,Chengdu"
501,831,location,"China,Sichuan,Chengdu"
501,831,loss,Huge Loss
501,841,method,Modeling and Analysis
501,858,location,China
501,861,method,Modeling and Analysis
501,863,location,"China,Sichuan"
501,884,location,"China,Sichuan"
501,884,method,Modeling and Analysis
501,943,location,"China,Sichuan"
501,943,loss,Huge Loss
501,956,location,China
501,956,type,Other
501,994,location,"China,Sichuan"
501,1000,location,China
501,1000,type,Other
501,1002,location,"China,Sichuan"
501,1002,type,Other
501,1005,location,China
501,1005,type,Other
501,1026,loss,Huge Loss
501,1056,location,China
501,1056,method,Modeling and Analysis
501,1059,type,Other
501,1085,location,"China,Sichuan"
501,1085,type,Other
501,1088,loss,Huge Loss
501,1104,loss,Huge Loss
501,1127,time,"('2013-07-20', '2013-07-20')"
501,1127,loss,Huge Loss
501,1173,location,China
501,1228,location,China
501,1228,type,Other
501,1235,type,Other
501,1235,loss,Huge Loss
501,1248,location,China
501,1248,method,Modeling and Analysis
501,1253,loss,Huge Loss
501,1281,location,"China,Sichuan"
501,1281,type,Other
501,1281,loss,Huge Loss
501,1281,method,Modeling and Analysis
501,1298,loss,Huge Loss
501,1339,loss,Huge Loss
501,1339,method,Modeling and Analysis
501,1347,type,Other
501,1349,loss,Huge Loss
501,1380,location,"China,Sichuan"
501,1380,type,Other
501,1410,type,Other
501,1410,method,Modeling and Analysis
501,1429,type,Other
501,1431,location,"China,Sichuan"
501,1431,method,Modeling and Analysis
501,1455,location,China
502,548,scale,Slight
502,548,control,Soil and Water Management
502,586,index,Volume
502,661,index,Volume
502,701,loss,Medium Loss
502,706,index,Volume
502,756,index,Volume
502,784,factor,Climate Factors
502,819,index,Volume
502,841,index,Volume
502,858,index,Volume
502,858,factor,Climate Factors
502,861,factor,Climate Factors
502,911,index,Volume
502,922,index,Volume
502,1005,scale,Slight
502,1088,location,"Colombia,Putumayo,Mocoa"
502,1088,factor,Climate Factors
502,1127,factor,Climate Factors
502,1224,index,Volume
502,1235,index,Volume
502,1271,loss,Medium Loss
502,1271,control,Soil and Water Management
502,1306,loss,Medium Loss
502,1339,index,Volume
502,1410,factor,Climate Factors
502,1431,loss,Medium Loss
502,1455,control,Soil and Water Management
513,586,location,China
513,586,scale,Large
513,589,loss,Other
513,603,location,"China,Sichuan"
513,603,loss,Other
513,613,loss,Other
513,661,time,"('2008-01-01', '2008-12-31')"
513,661,loss,Other
513,705,location,China
513,756,time,"('2008-01-01', '2008-12-31')"
513,771,method,Field Studies and Experiments
513,784,time,"('2008-01-01', '2008-12-31')"
513,784,location,China
513,811,time,"('2008-05-12', '2008-05-12')"
513,811,location,"China,Sichuan"
513,811,loss,Other
513,831,location,"China,Sichuan"
513,858,location,China
513,858,scale,Large
513,861,time,"('2008-01-01', '2008-12-31')"
513,863,location,"China,Sichuan,Ngawa Tibetan and Qiang Autonomous Prefecture"
513,863,method,Field Studies and Experiments
513,884,location,"China,Sichuan"
513,911,loss,Other
513,922,loss,Other
513,943,time,"('2008-05-12', '2008-05-12')"
513,943,location,"China,Sichuan"
513,956,location,China
513,994,location,"China,Sichuan,Ngawa Tibetan and Qiang Autonomous Prefecture"
513,994,loss,Other
513,1000,location,China
513,1002,time,"('2008-05-12', '2008-05-12')"
513,1002,location,"China,Sichuan"
513,1002,loss,Other
513,1005,location,China
513,1056,location,China
513,1085,location,"China,Sichuan"
513,1085,method,Field Studies and Experiments
513,1127,time,"('2008-01-01', '2008-12-31')"
513,1173,location,China
513,1173,scale,Large
513,1224,loss,Other
513,1224,scale,Large
513,1224,method,Field Studies and Experiments
513,1228,location,China
513,1248,location,China
513,1253,time,"('2008-06-01', '2008-06-30')"
513,1271,method,Field Studies and Experiments
513,1281,location,"China,Sichuan"
513,1306,method,Field Studies and Experiments
513,1380,location,"China,Sichuan,Ngawa Tibetan and Qiang Autonomous Prefecture"
513,1380,loss,Other
513,1380,scale,Large
513,1380,method,Field Studies and Experiments
513,1410,loss,Other
513,1410,scale,Large
513,1431,location,"China,Sichuan"
513,1455,location,China
534,548,loss,Huge Loss
534,549,loss,Huge Loss
534,552,loss,Huge Loss
534,586,loss,Huge Loss
534,603,factor,Geologic Factors
534,661,factor,Geologic Factors
534,701,time,"('1999-12-15', '1999-12-16')"
534,705,loss,Huge Loss
534,725,loss,Huge Loss
534,725,factor,Geologic Factors
534,756,time,"('1999-12-15', '1999-12-16')"
534,771,index,Other
534,784,time,"('1999-12-15', '1999-12-16')"
534,793,loss,Huge Loss
534,831,loss,Huge Loss
534,861,time,"('1999-12-15', '1999-12-16')"
534,863,factor,Geologic Factors
534,943,loss,Huge Loss
534,1026,loss,Huge Loss
534,1088,loss,Huge Loss
534,1104,loss,Huge Loss
534,1127,time,"('1999-12-15', '1999-12-16')"
534,1127,loss,Huge Loss
534,1235,loss,Huge Loss
534,1253,loss,Huge Loss
534,1281,loss,Huge Loss
534,1298,loss,Huge Loss
534,1339,loss,Huge Loss
534,1349,loss,Huge Loss
534,1380,factor,Geologic Factors
548,549,loss,Huge Loss
548,549,method,Modeling and Analysis
548,552,loss,Huge Loss
548,586,loss,Huge Loss
548,586,method,Modeling and Analysis
548,603,method,Modeling and Analysis
548,705,loss,Huge Loss
548,725,loss,Huge Loss
548,756,time,"('2011-01-01', '2011-12-31')"
548,793,type,Other
548,793,loss,Huge Loss
548,793,method,Modeling and Analysis
548,831,loss,Huge Loss
548,841,method,Modeling and Analysis
548,861,method,Modeling and Analysis
548,884,method,Modeling and Analysis
548,943,loss,Huge Loss
548,956,type,Other
548,1000,type,Other
548,1002,type,Other
548,1005,type,Other
548,1005,scale,Slight
548,1026,loss,Huge Loss
548,1056,method,Modeling and Analysis
548,1059,type,Other
548,1085,type,Other
548,1088,loss,Huge Loss
548,1104,loss,Huge Loss
548,1127,time,"('2011-01-01', '2011-12-31')"
548,1127,loss,Huge Loss
548,1228,type,Other
548,1235,type,Other
548,1235,loss,Huge Loss
548,1248,method,Modeling and Analysis
548,1253,loss,Huge Loss
548,1271,control,Soil and Water Management
548,1281,type,Other
548,1281,loss,Huge Loss
548,1281,method,Modeling and Analysis
548,1298,loss,Huge Loss
548,1339,loss,Huge Loss
548,1339,method,Modeling and Analysis
548,1347,type,Other
548,1349,loss,Huge Loss
548,1380,type,Other
548,1384,time,"('2011-07-27', '2011-07-27')"
548,1384,location,"South Korea,Seoul"
548,1410,type,Other
548,1410,method,Modeling and Analysis
548,1429,time,"('2011-07-27', '2011-07-27')"
548,1429,location,"South Korea,Seoul"
548,1429,type,Other
548,1431,method,Modeling and Analysis
548,1455,time,"('2011-01-01', '2011-12-31')"
548,1455,control,Soil and Water Management
549,552,loss,Huge Loss
549,586,loss,Huge Loss
549,586,method,Modeling and Analysis
549,603,method,Modeling and Analysis
549,705,loss,Huge Loss
549,725,loss,Huge Loss
549,793,loss,Huge Loss
549,793,method,Modeling and Analysis
549,831,loss,Huge Loss
549,841,method,Modeling and Analysis
549,861,method,Modeling and Analysis
549,884,method,Modeling and Analysis
549,943,loss,Huge Loss
549,1026,location,United States
549,1026,loss,Huge Loss
549,1056,index,Deformation Rate
549,1056,method,Modeling and Analysis
549,1059,location,United States
549,1088,loss,Huge Loss
549,1104,loss,Huge Loss
549,1127,time,"('2014-01-01', '2014-12-31')"
549,1127,loss,Huge Loss
549,1235,loss,Huge Loss
549,1248,method,Modeling and Analysis
549,1253,loss,Huge Loss
549,1271,location,United States
549,1277,time,"('2014-09-01', '2014-09-30')"
549,1281,loss,Huge Loss
549,1281,method,Modeling and Analysis
549,1298,time,"('2014-05-01', '2014-05-31')"
549,1298,loss,Huge Loss
549,1339,loss,Huge Loss
549,1339,method,Modeling and Analysis
549,1349,loss,Huge Loss
549,1410,method,Modeling and Analysis
549,1431,method,Modeling and Analysis
552,586,loss,Huge Loss
552,598,time,"('2018-07-01', '2018-07-31')"
552,598,location,Japan
552,701,location,Japan
552,705,loss,Huge Loss
552,725,loss,Huge Loss
552,793,loss,Huge Loss
552,831,loss,Huge Loss
552,943,loss,Huge Loss
552,1026,loss,Huge Loss
552,1088,loss,Huge Loss
552,1104,loss,Huge Loss
552,1127,loss,Huge Loss
552,1235,loss,Huge Loss
552,1253,loss,Huge Loss
552,1281,loss,Huge Loss
552,1298,loss,Huge Loss
552,1339,loss,Huge Loss
552,1349,loss,Huge Loss
586,603,location,China
586,603,method,Modeling and Analysis
586,661,index,Volume
586,705,location,China
586,705,loss,Huge Loss
586,705,factor,Other
586,706,index,Volume
586,725,time,"('2010-06-28', '2010-06-28')"
586,725,loss,Huge Loss
586,756,time,"('2010-06-28', '2010-06-28')"
586,756,index,Volume
586,756,factor,Other
586,784,location,China
586,793,loss,Huge Loss
586,793,method,Modeling and Analysis
586,793,factor,Other
586,811,location,China
586,819,index,Volume
586,831,location,China
586,831,loss,Huge Loss
586,831,factor,Other
586,841,index,Volume
586,841,method,Modeling and Analysis
586,858,location,"China,Guizhou"
586,858,index,Volume
586,858,scale,Large
586,861,time,"('2010-06-28', '2010-06-28')"
586,861,method,Modeling and Analysis
586,863,location,China
586,884,location,China
586,884,method,Modeling and Analysis
586,911,index,Volume
586,911,factor,Other
586,922,index,Volume
586,943,location,China
586,943,loss,Huge Loss
586,956,location,China
586,956,factor,Other
586,994,location,China
586,1000,location,China
586,1002,location,China
586,1005,location,China
586,1026,loss,Huge Loss
586,1026,factor,Other
586,1056,location,China
586,1056,method,Modeling and Analysis
586,1056,factor,Other
586,1085,location,China
586,1088,loss,Huge Loss
586,1104,loss,Huge Loss
586,1127,time,"('2010-06-28', '2010-06-28')"
586,1127,loss,Huge Loss
586,1173,location,"China,Guizhou"
586,1173,scale,Large
586,1224,index,Volume
586,1224,scale,Large
586,1228,location,China
586,1235,loss,Huge Loss
586,1235,index,Volume
586,1248,location,China
586,1248,method,Modeling and Analysis
586,1253,loss,Huge Loss
586,1281,location,China
586,1281,loss,Huge Loss
586,1281,method,Modeling and Analysis
586,1281,factor,Other
586,1298,loss,Huge Loss
586,1339,loss,Huge Loss
586,1339,index,Volume
586,1339,method,Modeling and Analysis
586,1349,loss,Huge Loss
586,1380,location,China
586,1380,scale,Large
586,1410,scale,Large
586,1410,method,Modeling and Analysis
586,1431,location,China
586,1431,method,Modeling and Analysis
586,1455,time,"('2010-06-28', '2010-06-28')"
586,1455,location,China
589,603,type,Rainfall-induced Debris Flow
589,603,loss,Other
589,613,loss,Other
589,661,loss,Other
589,701,time,"('2005-08-01', '2005-08-31')"
589,756,time,"('2005-08-01', '2005-08-31')"
589,784,time,"('2005-08-01', '2005-08-31')"
589,811,loss,Other
589,811,scale,Huge
589,831,scale,Huge
589,861,time,"('2005-08-01', '2005-08-31')"
589,884,type,Rainfall-induced Debris Flow
589,884,scale,Huge
589,911,loss,Other
589,922,loss,Other
589,994,loss,Other
589,1002,loss,Other
589,1002,scale,Huge
589,1026,type,Rainfall-induced Debris Flow
589,1085,scale,Huge
589,1088,scale,Huge
589,1110,time,"('2005-08-01', '2005-08-31')"
589,1110,type,Rainfall-induced Debris Flow
589,1127,time,"('2005-08-01', '2005-08-31')"
589,1224,location,Switzerland
589,1224,loss,Other
589,1235,scale,Huge
589,1248,scale,Huge
589,1271,scale,Huge
589,1298,scale,Huge
589,1306,type,Rainfall-induced Debris Flow
589,1380,loss,Other
589,1384,scale,Huge
589,1410,loss,Other
589,1431,scale,Huge
598,701,location,Japan
603,613,loss,Other
603,661,loss,Other
603,661,factor,Geologic Factors
603,705,location,China
603,725,factor,Geologic Factors
603,784,location,China
603,793,method,Modeling and Analysis
603,811,location,"China,Sichuan,Chengdu"
603,811,loss,Other
603,831,location,"China,Sichuan,Chengdu"
603,841,method,Modeling and Analysis
603,858,location,China
603,861,method,Modeling and Analysis
603,863,location,"China,Sichuan"
603,863,factor,Geologic Factors
603,884,location,"China,Sichuan"
603,884,type,Rainfall-induced Debris Flow
603,884,method,Modeling and Analysis
603,911,loss,Other
603,922,loss,Other
603,943,location,"China,Sichuan"
603,956,location,China
603,994,location,"China,Sichuan"
603,994,loss,Other
603,1000,location,China
603,1002,location,"China,Sichuan"
603,1002,loss,Other
603,1005,location,China
603,1026,type,Rainfall-induced Debris Flow
603,1056,location,China
603,1056,method,Modeling and Analysis
603,1085,location,"China,Sichuan"
603,1110,type,Rainfall-induced Debris Flow
603,1173,location,China
603,1224,loss,Other
603,1228,location,China
603,1248,location,China
603,1248,method,Modeling and Analysis
603,1281,location,"China,Sichuan"
603,1281,method,Modeling and Analysis
603,1306,type,Rainfall-induced Debris Flow
603,1339,method,Modeling and Analysis
603,1339,control,Other
603,1380,location,"China,Sichuan"
603,1380,loss,Other
603,1380,factor,Geologic Factors
603,1410,loss,Other
603,1410,method,Modeling and Analysis
603,1431,location,"China,Sichuan"
603,1431,method,Modeling and Analysis
603,1455,location,China
613,661,loss,Other
613,701,time,"('1995-02-01', '1995-02-28')"
613,756,time,"('1995-02-01', '1995-02-28')"
613,784,time,"('1995-02-01', '1995-02-28')"
613,811,loss,Other
613,861,time,"('1995-02-01', '1995-02-28')"
613,911,loss,Other
613,922,loss,Other
613,994,loss,Other
613,1002,loss,Other
613,1127,time,"('1995-02-01', '1995-02-28')"
613,1224,loss,Other
613,1380,loss,Other
613,1410,loss,Other
661,701,control,Infrastructure and Construction Measures
661,706,index,Volume
661,725,factor,Geologic Factors
661,756,time,"('2008-01-01', '2009-12-31')"
661,756,index,Volume
661,784,time,"('2008-01-01', '2009-12-31')"
661,793,time,"('2009-11-10', '2009-11-10')"
661,811,time,"('2008-05-12', '2008-05-12')"
661,811,loss,Other
661,819,index,Volume
661,841,index,Volume
661,858,index,Volume
661,861,time,"('2008-01-01', '2009-12-31')"
661,863,factor,Geologic Factors
661,911,loss,Other
661,911,index,Volume
661,922,loss,Other
661,922,index,Volume
661,943,time,"('2008-05-12', '2008-05-12')"
661,994,loss,Other
661,1000,control,Infrastructure and Construction Measures
661,1002,time,"('2008-05-12', '2008-05-12')"
661,1002,loss,Other
661,1104,control,Infrastructure and Construction Measures
661,1127,time,"('2008-01-01', '2009-12-31')"
661,1173,control,Infrastructure and Construction Measures
661,1224,loss,Other
661,1224,index,Volume
661,1235,index,Volume
661,1253,time,"('2008-06-01', '2008-06-30')"
661,1281,control,Infrastructure and Construction Measures
661,1339,index,Volume
661,1380,loss,Other
661,1380,factor,Geologic Factors
661,1410,loss,Other
661,1431,control,Infrastructure and Construction Measures
661,1455,time,"('2009-01-01', '2009-12-31')"
701,705,time,"('1999-09-21', '1999-09-21')"
701,756,time,"('1984-01-01', '2005-12-31')"
701,784,time,"('1988-01-01', '2005-12-31')"
701,841,time,"('2003-01-10', '2003-01-10')"
701,861,time,"('1990-01-01', '2005-12-31')"
701,956,time,"('1999-06-01', '1999-08-31')"
701,1000,control,Infrastructure and Construction Measures
701,1104,control,Infrastructure and Construction Measures
701,1110,time,"('2005-06-01', '2005-08-31')"
701,1127,time,"('1980-01-01', '2005-12-31')"
701,1173,control,Infrastructure and Construction Measures
701,1224,time,"('1987-06-01', '1987-08-31')"
701,1228,time,"('2001-09-15', '2001-09-15')"
701,1235,time,"('2002-09-20', '2002-09-20')"
701,1271,time,"('1999-06-01', '1999-08-31')"
701,1271,loss,Medium Loss
701,1281,control,Infrastructure and Construction Measures
701,1306,loss,Medium Loss
701,1410,time,"('1998-01-01', '1998-12-31')"
701,1431,loss,Medium Loss
701,1431,control,Infrastructure and Construction Measures
701,1440,time,"('1997-12-26', '1997-12-26')"
705,725,loss,Huge Loss
705,756,time,"('1999-09-21', '1999-09-21')"
705,756,factor,Other
705,784,time,"('1999-09-21', '1999-09-21')"
705,784,location,"China,Taiwan"
705,793,loss,Huge Loss
705,793,factor,Other
705,811,location,China
705,831,location,China
705,831,loss,Huge Loss
705,831,factor,Other
705,858,location,China
705,861,time,"('1999-09-21', '1999-09-21')"
705,863,location,China
705,884,location,China
705,911,factor,Other
705,943,location,China
705,943,loss,Huge Loss
705,956,location,"China,Taiwan,南投縣"
705,956,factor,Other
705,994,location,China
705,1000,location,China
705,1002,location,China
705,1002,control,Management and Planning
705,1005,location,China
705,1026,loss,Huge Loss
705,1026,factor,Other
705,1056,location,China
705,1056,factor,Other
705,1085,location,China
705,1088,loss,Huge Loss
705,1104,loss,Huge Loss
705,1110,control,Management and Planning
705,1127,time,"('1999-09-21', '1999-09-21')"
705,1127,loss,Huge Loss
705,1173,location,China
705,1228,location,"China,Taiwan"
705,1235,loss,Huge Loss
705,1248,location,China
705,1253,loss,Huge Loss
705,1281,location,China
705,1281,loss,Huge Loss
705,1281,factor,Other
705,1298,loss,Huge Loss
705,1339,loss,Huge Loss
705,1349,loss,Huge Loss
705,1380,location,China
705,1431,location,China
705,1455,location,China
706,756,index,Volume
706,811,method,Remote Sensing and Imaging
706,819,index,Volume
706,819,method,Remote Sensing and Imaging
706,841,index,Volume
706,858,index,Volume
706,858,method,Remote Sensing and Imaging
706,911,index,Volume
706,922,index,Volume
706,922,method,Remote Sensing and Imaging
706,1088,method,Remote Sensing and Imaging
706,1127,time,"('1960-05-22', '1960-05-22')"
706,1224,index,Volume
706,1235,index,Volume
706,1253,method,Remote Sensing and Imaging
706,1339,index,Volume
725,756,time,"('2010-01-01', '2010-12-31')"
725,793,loss,Huge Loss
725,819,time,"('2010-12-01', '2010-12-31')"
725,831,loss,Huge Loss
725,861,time,"('2010-01-01', '2010-12-31')"
725,863,factor,Geologic Factors
725,943,loss,Huge Loss
725,1026,loss,Huge Loss
725,1088,loss,Huge Loss
725,1104,loss,Huge Loss
725,1127,time,"('2010-01-01', '2010-12-31')"
725,1127,loss,Huge Loss
725,1235,loss,Huge Loss
725,1253,loss,Huge Loss
725,1281,loss,Huge Loss
725,1298,loss,Huge Loss
725,1339,loss,Huge Loss
725,1349,time,"('2010-02-20', '2010-02-20')"
725,1349,loss,Huge Loss
725,1380,time,"('2010-08-13', '2010-08-13')"
725,1380,factor,Geologic Factors
725,1455,time,"('2010-01-01', '2010-12-31')"
756,771,time,"('2006-07-17', '2006-07-17')"
756,784,time,"('1988-01-01', '2009-12-31')"
756,793,time,"('2009-11-10', '2009-11-10')"
756,793,factor,Other
756,811,time,"('2008-05-12', '2008-05-12')"
756,819,time,"('2010-12-01', '2010-12-31')"
756,819,index,Volume
756,831,factor,Other
756,841,time,"('2003-01-10', '2003-01-10')"
756,841,index,Volume
756,858,index,Volume
756,861,time,"('1990-01-01', '2010-12-31')"
756,911,index,Volume
756,911,factor,Other
756,922,index,Volume
756,943,time,"('2008-05-12', '2008-05-12')"
756,956,time,"('1999-06-01', '1999-08-31')"
756,956,factor,Other
756,1002,time,"('2008-05-12', '2008-05-12')"
756,1026,factor,Other
756,1056,factor,Other
756,1059,time,"('2013-09-09', '2013-09-13')"
756,1085,time,"('2013-07-04', '2013-07-04')"
756,1110,time,"('2005-06-01', '2005-08-31')"
756,1127,time,"('1984-01-01', '2013-12-31')"
756,1224,time,"('1987-06-01', '1987-08-31')"
756,1224,index,Volume
756,1228,time,"('2001-09-15', '2001-09-15')"
756,1235,time,"('2002-09-20', '2002-09-20')"
756,1235,index,Volume
756,1253,time,"('2008-06-01', '2008-06-30')"
756,1271,time,"('1999-06-01', '1999-08-31')"
756,1281,factor,Other
756,1306,time,"('2012-09-06', '2012-09-06')"
756,1339,index,Volume
756,1349,time,"('2010-02-20', '2010-02-20')"
756,1380,time,"('2010-08-13', '2010-08-13')"
756,1384,time,"('2011-07-27', '2011-07-27')"
756,1410,time,"('1998-01-01', '1998-12-31')"
756,1429,time,"('2011-07-27', '2011-07-27')"
756,1440,time,"('1997-12-26', '1997-12-26')"
756,1455,time,"('2009-01-01', '2012-12-31')"
771,784,time,"('2006-07-17', '2006-07-17')"
771,861,time,"('2006-07-17', '2006-07-17')"
771,863,method,Field Studies and Experiments
771,1085,method,Field Studies and Experiments
771,1127,time,"('2006-07-17', '2006-07-17')"
771,1224,method,Field Studies and Experiments
771,1271,method,Field Studies and Experiments
771,1306,method,Field Studies and Experiments
771,1380,method,Field Studies and Experiments
784,793,time,"('2009-11-10', '2009-11-10')"
784,811,time,"('2008-05-12', '2008-05-12')"
784,811,location,China
784,831,location,China
784,841,time,"('2003-01-10', '2003-01-10')"
784,841,loss,Slight Loss
784,858,location,China
784,858,factor,Climate Factors
784,861,time,"('1990-01-01', '2009-12-31')"
784,861,factor,Climate Factors
784,863,location,China
784,884,location,China
784,943,time,"('2008-05-12', '2008-05-12')"
784,943,location,China
784,956,time,"('1999-06-01', '1999-08-31')"
784,956,location,"China,Taiwan"
784,956,loss,Slight Loss
784,994,location,China
784,1000,location,China
784,1002,time,"('2008-05-12', '2008-05-12')"
784,1002,location,China
784,1005,location,China
784,1056,location,China
784,1056,loss,Slight Loss
784,1085,location,China
784,1088,factor,Climate Factors
784,1110,time,"('2005-06-01', '2005-08-31')"
784,1127,time,"('1988-01-01', '2009-12-31')"
784,1127,factor,Climate Factors
784,1173,location,China
784,1228,time,"('2001-09-15', '2001-09-15')"
784,1228,location,"China,Taiwan"
784,1235,time,"('2002-09-20', '2002-09-20')"
784,1248,location,China
784,1253,time,"('2008-06-01', '2008-06-30')"
784,1271,time,"('1999-06-01', '1999-08-31')"
784,1281,location,China
784,1380,location,China
784,1410,time,"('1998-01-01', '1998-12-31')"
784,1410,factor,Climate Factors
784,1431,location,China
784,1440,time,"('1997-12-26', '1997-12-26')"
784,1455,time,"('2009-01-01', '2009-12-31')"
784,1455,location,China
793,831,loss,Huge Loss
793,831,factor,Other
793,841,method,Modeling and Analysis
793,861,time,"('2009-11-10', '2009-11-10')"
793,861,method,Modeling and Analysis
793,884,method,Modeling and Analysis
793,911,factor,Other
793,943,loss,Huge Loss
793,956,type,Other
793,956,factor,Other
793,1000,type,Other
793,1002,type,Other
793,1005,type,Other
793,1026,loss,Huge Loss
793,1026,factor,Other
793,1056,method,Modeling and Analysis
793,1056,factor,Other
793,1059,type,Other
793,1085,type,Other
793,1088,loss,Huge Loss
793,1104,loss,Huge Loss
793,1127,time,"('2009-11-10', '2009-11-10')"
793,1127,loss,Huge Loss
793,1228,type,Other
793,1235,type,Other
793,1235,loss,Huge Loss
793,1248,method,Modeling and Analysis
793,1253,loss,Huge Loss
793,1281,type,Other
793,1281,loss,Huge Loss
793,1281,method,Modeling and Analysis
793,1281,factor,Other
793,1298,loss,Huge Loss
793,1339,loss,Huge Loss
793,1339,method,Modeling and Analysis
793,1347,type,Other
793,1349,loss,Huge Loss
793,1380,type,Other
793,1410,type,Other
793,1410,method,Modeling and Analysis
793,1429,type,Other
793,1431,method,Modeling and Analysis
793,1455,time,"('2009-11-10', '2009-11-10')"
811,819,method,Remote Sensing and Imaging
811,831,location,"China,Sichuan,Chengdu"
811,831,scale,Huge
811,858,location,China
811,858,method,Remote Sensing and Imaging
811,861,time,"('2008-05-12', '2008-05-12')"
811,863,location,"China,Sichuan"
811,884,location,"China,Sichuan"
811,884,scale,Huge
811,911,loss,Other
811,922,loss,Other
811,922,method,Remote Sensing and Imaging
811,943,time,"('2008-05-12', '2008-05-12')"
811,943,location,"China,Sichuan"
811,956,location,China
811,994,location,"China,Sichuan"
811,994,loss,Other
811,1000,location,China
811,1002,time,"('2008-05-12', '2008-05-12')"
811,1002,location,"China,Sichuan"
811,1002,loss,Other
811,1002,scale,Huge
811,1005,location,China
811,1056,location,China
811,1085,location,"China,Sichuan"
811,1085,scale,Huge
811,1088,scale,Huge
811,1088,method,Remote Sensing and Imaging
811,1127,time,"('2008-05-12', '2008-05-12')"
811,1173,location,China
811,1224,loss,Other
811,1228,location,China
811,1235,scale,Huge
811,1248,location,China
811,1248,scale,Huge
811,1253,method,Remote Sensing and Imaging
811,1271,scale,Huge
811,1281,location,"China,Sichuan"
811,1298,scale,Huge
811,1380,location,"China,Sichuan"
811,1380,loss,Other
811,1384,scale,Huge
811,1410,loss,Other
811,1431,location,"China,Sichuan"
811,1431,scale,Huge
811,1455,location,China
819,841,index,Volume
819,858,index,Volume
819,858,method,Remote Sensing and Imaging
819,861,time,"('2010-12-01', '2010-12-31')"
819,911,index,Volume
819,922,index,Volume
819,922,method,Remote Sensing and Imaging
819,1088,method,Remote Sensing and Imaging
819,1127,time,"('2010-12-01', '2010-12-31')"
819,1224,index,Volume
819,1235,index,Volume
819,1253,method,Remote Sensing and Imaging
819,1339,index,Volume
819,1455,time,"('2010-12-01', '2010-12-31')"
831,858,location,China
831,863,location,"China,Sichuan"
831,884,location,"China,Sichuan"
831,884,scale,Huge
831,911,factor,Other
831,943,location,"China,Sichuan"
831,943,loss,Huge Loss
831,956,location,China
831,956,factor,Other
831,994,location,"China,Sichuan"
831,1000,location,China
831,1002,location,"China,Sichuan"
831,1002,scale,Huge
831,1005,location,China
831,1026,loss,Huge Loss
831,1026,factor,Other
831,1056,location,China
831,1056,factor,Other
831,1085,location,"China,Sichuan"
831,1085,scale,Huge
831,1088,loss,Huge Loss
831,1088,scale,Huge
831,1104,loss,Huge Loss
831,1127,loss,Huge Loss
831,1173,location,China
831,1228,location,China
831,1235,loss,Huge Loss
831,1235,scale,Huge
831,1248,location,China
831,1248,scale,Huge
831,1253,loss,Huge Loss
831,1271,scale,Huge
831,1281,location,"China,Sichuan"
831,1281,loss,Huge Loss
831,1281,factor,Other
831,1298,loss,Huge Loss
831,1298,scale,Huge
831,1339,loss,Huge Loss
831,1349,loss,Huge Loss
831,1380,location,"China,Sichuan"
831,1384,scale,Huge
831,1431,location,"China,Sichuan"
831,1431,scale,Huge
831,1455,location,China
841,858,index,Volume
841,861,time,"('2003-01-10', '2003-01-10')"
841,861,method,Modeling and Analysis
841,884,method,Modeling and Analysis
841,911,index,Volume
841,922,index,Volume
841,956,loss,Slight Loss
841,1056,loss,Slight Loss
841,1056,method,Modeling and Analysis
841,1127,time,"('2003-01-10', '2003-01-10')"
841,1127,location,Italy
841,1224,index,Volume
841,1235,index,Volume
841,1248,method,Modeling and Analysis
841,1281,method,Modeling and Analysis
841,1306,location,Italy
841,1339,index,Volume
841,1339,method,Modeling and Analysis
841,1410,method,Modeling and Analysis
841,1431,method,Modeling and Analysis
858,861,factor,Climate Factors
858,863,location,China
858,884,time,"('2019-07-23', '2019-07-23')"
858,884,location,China
858,911,index,Volume
858,922,index,Volume
858,922,method,Remote Sensing and Imaging
858,943,location,China
858,956,location,China
858,994,location,China
858,1000,location,China
858,1002,location,China
858,1005,location,China
858,1056,location,China
858,1085,location,China
858,1088,method,Remote Sensing and Imaging
858,1088,factor,Climate Factors
858,1127,factor,Climate Factors
858,1173,time,"('2019-07-23', '2019-07-23')"
858,1173,location,"China,Guizhou,Liupanshui"
858,1173,scale,Large
858,1224,index,Volume
858,1224,scale,Large
858,1228,location,China
858,1235,index,Volume
858,1248,location,China
858,1253,method,Remote Sensing and Imaging
858,1281,location,China
858,1339,index,Volume
858,1380,location,China
858,1380,scale,Large
858,1410,scale,Large
858,1410,factor,Climate Factors
858,1431,location,China
858,1455,location,China
861,884,method,Modeling and Analysis
861,943,time,"('2008-05-12', '2008-05-12')"
861,956,time,"('1999-06-01', '1999-08-31')"
861,1002,time,"('2008-05-12', '2008-05-12')"
861,1056,method,Modeling and Analysis
861,1088,factor,Climate Factors
861,1110,time,"('2005-06-01', '2005-08-31')"
861,1127,time,"('1990-01-01', '2010-12-31')"
861,1127,factor,Climate Factors
861,1228,time,"('2001-09-15', '2001-09-15')"
861,1235,time,"('2002-09-20', '2002-09-20')"
861,1248,method,Modeling and Analysis
861,1253,time,"('2008-06-01', '2008-06-30')"
861,1271,time,"('1999-06-01', '1999-08-31')"
861,1281,method,Modeling and Analysis
861,1339,method,Modeling and Analysis
861,1349,time,"('2010-02-20', '2010-02-20')"
861,1380,time,"('2010-08-13', '2010-08-13')"
861,1410,time,"('1998-01-01', '1998-12-31')"
861,1410,method,Modeling and Analysis
861,1410,factor,Climate Factors
861,1431,method,Modeling and Analysis
861,1440,time,"('1997-12-26', '1997-12-26')"
861,1455,time,"('2009-01-01', '2010-12-31')"
863,884,location,"China,Sichuan"
863,943,location,"China,Sichuan"
863,956,location,China
863,994,location,"China,Sichuan,Ngawa Tibetan and Qiang Autonomous Prefecture"
863,1000,location,China
863,1002,location,"China,Sichuan"
863,1005,location,China
863,1056,location,China
863,1085,location,"China,Sichuan"
863,1085,method,Field Studies and Experiments
863,1173,location,China
863,1224,method,Field Studies and Experiments
863,1228,location,China
863,1248,location,China
863,1271,method,Field Studies and Experiments
863,1281,location,"China,Sichuan"
863,1306,method,Field Studies and Experiments
863,1380,location,"China,Sichuan,Ngawa Tibetan and Qiang Autonomous Prefecture"
863,1380,method,Field Studies and Experiments
863,1380,factor,Geologic Factors
863,1431,location,"China,Sichuan"
863,1455,location,China
884,943,location,"China,Sichuan"
884,956,location,China
884,994,location,"China,Sichuan"
884,1000,location,China
884,1002,location,"China,Sichuan"
884,1002,scale,Huge
884,1005,location,China
884,1026,type,Rainfall-induced Debris Flow
884,1056,location,China
884,1056,method,Modeling and Analysis
884,1085,location,"China,Sichuan"
884,1085,scale,Huge
884,1088,scale,Huge
884,1110,type,Rainfall-induced Debris Flow
884,1173,time,"('2019-07-23', '2019-07-23')"
884,1173,location,China
884,1228,location,China
884,1235,scale,Huge
884,1248,location,China
884,1248,scale,Huge
884,1248,method,Modeling and Analysis
884,1271,scale,Huge
884,1281,location,"China,Sichuan"
884,1281,method,Modeling and Analysis
884,1298,scale,Huge
884,1306,type,Rainfall-induced Debris Flow
884,1339,method,Modeling and Analysis
884,1380,location,"China,Sichuan"
884,1384,scale,Huge
884,1410,method,Modeling and Analysis
884,1431,location,"China,Sichuan"
884,1431,scale,Huge
884,1431,method,Modeling and Analysis
884,1455,location,China
911,922,loss,Other
911,922,index,Volume
911,956,factor,Other
911,994,loss,Other
911,1002,loss,Other
911,1026,factor,Other
911,1056,factor,Other
911,1224,loss,Other
911,1224,index,Volume
911,1235,index,Volume
911,1281,factor,Other
911,1339,index,Volume
911,1349,location,Portugal
911,1380,loss,Other
911,1410,loss,Other
922,994,loss,Other
922,1002,loss,Other
922,1088,method,Remote Sensing and Imaging
922,1224,loss,Other
922,1224,index,Volume
922,1235,index,Volume
922,1253,method,Remote Sensing and Imaging
922,1339,index,Volume
922,1380,loss,Other
922,1410,loss,Other
943,956,location,China
943,994,location,"China,Sichuan"
943,1000,location,China
943,1002,time,"('2008-05-12', '2008-05-12')"
943,1002,location,"China,Sichuan,Mianyang"
943,1005,location,China
943,1026,loss,Huge Loss
943,1056,location,China
943,1085,location,"China,Sichuan"
943,1088,loss,Huge Loss
943,1104,loss,Huge Loss
943,1127,time,"('2008-05-12', '2008-05-12')"
943,1127,loss,Huge Loss
943,1173,location,China
943,1228,location,China
943,1235,loss,Huge Loss
943,1248,location,China
943,1253,loss,Huge Loss
943,1281,location,"China,Sichuan"
943,1281,loss,Huge Loss
943,1298,loss,Huge Loss
943,1339,loss,Huge Loss
943,1349,loss,Huge Loss
943,1380,location,"China,Sichuan"
943,1431,location,"China,Sichuan"
943,1455,location,China
956,994,location,China
956,1000,location,China
956,1000,type,Other
956,1002,location,China
956,1002,type,Other
956,1005,location,China
956,1005,type,Other
956,1026,factor,Other
956,1056,location,China
956,1056,loss,Slight Loss
956,1056,factor,Other
956,1059,type,Other
956,1085,location,China
956,1085,type,Other
956,1127,time,"('1999-06-01', '1999-08-31')"
956,1173,location,China
956,1228,location,"China,Taiwan"
956,1228,type,Other
956,1235,type,Other
956,1248,location,China
956,1271,time,"('1999-06-01', '1999-08-31')"
956,1281,location,China
956,1281,type,Other
956,1281,factor,Other
956,1347,type,Other
956,1380,location,China
956,1380,type,Other
956,1410,type,Other
956,1429,type,Other
956,1431,location,China
956,1455,location,China
994,1000,location,China
994,1002,location,"China,Sichuan"
994,1002,loss,Other
994,1005,location,China
994,1056,location,China
994,1085,location,"China,Sichuan"
994,1173,location,China
994,1224,loss,Other
994,1228,location,China
994,1248,location,China
994,1281,location,"China,Sichuan"
994,1380,location,"China,Sichuan,Ngawa Tibetan and Qiang Autonomous Prefecture"
994,1380,loss,Other
994,1410,loss,Other
994,1431,location,"China,Sichuan"
994,1455,location,China
1000,1002,location,China
1000,1002,type,Other
1000,1005,location,China
1000,1005,type,Other
1000,1056,location,China
1000,1059,type,Other
1000,1085,location,China
1000,1085,type,Other
1000,1104,control,Infrastructure and Construction Measures
1000,1173,location,China
1000,1173,control,Infrastructure and Construction Measures
1000,1228,location,China
1000,1228,type,Other
1000,1235,type,Other
1000,1248,location,China
1000,1281,location,China
1000,1281,type,Other
1000,1281,control,Infrastructure and Construction Measures
1000,1347,type,Other
1000,1380,location,China
1000,1380,type,Other
1000,1410,type,Other
1000,1429,type,Other
1000,1431,location,China
1000,1431,control,Infrastructure and Construction Measures
1000,1455,location,China
1002,1005,location,China
1002,1005,type,Other
1002,1056,location,China
1002,1059,type,Other
1002,1085,location,"China,Sichuan"
1002,1085,type,Other
1002,1085,scale,Huge
1002,1088,scale,Huge
1002,1110,control,Management and Planning
1002,1127,time,"('2008-05-12', '2008-05-12')"
1002,1173,location,China
1002,1224,loss,Other
1002,1228,location,China
1002,1228,type,Other
1002,1235,type,Other
1002,1235,scale,Huge
1002,1248,location,China
1002,1248,scale,Huge
1002,1271,scale,Huge
1002,1281,location,"China,Sichuan"
1002,1281,type,Other
1002,1298,scale,Huge
1002,1347,type,Other
1002,1380,location,"China,Sichuan"
1002,1380,type,Other
1002,1380,loss,Other
1002,1384,scale,Huge
1002,1410,type,Other
1002,1410,loss,Other
1002,1429,type,Other
1002,1431,location,"China,Sichuan"
1002,1431,scale,Huge
1002,1455,location,China
1005,1056,location,China
1005,1059,type,Other
1005,1085,location,China
1005,1085,type,Other
1005,1173,location,China
1005,1228,location,China
1005,1228,type,Other
1005,1235,type,Other
1005,1248,location,China
1005,1281,location,China
1005,1281,type,Other
1005,1347,type,Other
1005,1380,location,China
1005,1380,type,Other
1005,1410,type,Other
1005,1429,type,Other
1005,1431,location,China
1005,1455,location,China
1026,1056,factor,Other
1026,1059,location,United States
1026,1088,loss,Huge Loss
1026,1104,loss,Huge Loss
1026,1110,type,Rainfall-induced Debris Flow
1026,1127,time,"('1969-08-19', '1969-08-20')"
1026,1127,loss,Huge Loss
1026,1235,loss,Huge Loss
1026,1253,loss,Huge Loss
1026,1271,location,United States
1026,1281,loss,Huge Loss
1026,1281,factor,Other
1026,1298,loss,Huge Loss
1026,1306,type,Rainfall-induced Debris Flow
1026,1339,loss,Huge Loss
1026,1349,loss,Huge Loss
1056,1085,location,China
1056,1173,location,China
1056,1228,location,China
1056,1248,location,China
1056,1248,method,Modeling and Analysis
1056,1281,location,China
1056,1281,method,Modeling and Analysis
1056,1281,factor,Other
1056,1339,method,Modeling and Analysis
1056,1380,location,China
1056,1410,method,Modeling and Analysis
1056,1431,location,China
1056,1431,method,Modeling and Analysis
1056,1455,location,China
1059,1085,type,Other
1059,1127,time,"('2013-09-09', '2013-09-13')"
1059,1228,type,Other
1059,1235,type,Other
1059,1271,location,United States
1059,1281,type,Other
1059,1347,type,Other
1059,1380,type,Other
1059,1410,type,Other
1059,1429,type,Other
1085,1088,scale,Huge
1085,1127,time,"('2013-07-04', '2013-07-04')"
1085,1173,location,China
1085,1224,method,Field Studies and Experiments
1085,1228,location,China
1085,1228,type,Other
1085,1235,type,Other
1085,1235,scale,Huge
1085,1248,location,China
1085,1248,scale,Huge
1085,1271,scale,Huge
1085,1271,method,Field Studies and Experiments
1085,1281,location,"China,Sichuan"
1085,1281,type,Other
1085,1298,scale,Huge
1085,1306,method,Field Studies and Experiments
1085,1347,type,Other
1085,1380,location,"China,Sichuan"
1085,1380,type,Other
1085,1380,method,Field Studies and Experiments
1085,1384,scale,Huge
1085,1410,type,Other
1085,1429,type,Other
1085,1431,location,"China,Sichuan,Yaan"
1085,1431,scale,Huge
1085,1455,location,China
1088,1104,loss,Huge Loss
1088,1127,loss,Huge Loss
1088,1127,factor,Climate Factors
1088,1235,loss,Huge Loss
1088,1235,scale,Huge
1088,1248,scale,Huge
1088,1253,loss,Huge Loss
1088,1253,method,Remote Sensing and Imaging
1088,1271,scale,Huge
1088,1281,loss,Huge Loss
1088,1298,loss,Huge Loss
1088,1298,scale,Huge
1088,1339,loss,Huge Loss
1088,1349,loss,Huge Loss
1088,1384,scale,Huge
1088,1410,factor,Climate Factors
1088,1431,scale,Huge
1104,1127,loss,Huge Loss
1104,1173,control,Infrastructure and Construction Measures
1104,1235,loss,Huge Loss
1104,1253,loss,Huge Loss
1104,1281,loss,Huge Loss
1104,1281,control,Infrastructure and Construction Measures
1104,1298,loss,Huge Loss
1104,1339,loss,Huge Loss
1104,1349,loss,Huge Loss
1104,1431,control,Infrastructure and Construction Measures
1110,1127,time,"('2005-06-01', '2005-08-31')"
1110,1306,type,Rainfall-induced Debris Flow
1127,1224,time,"('1987-06-01', '1987-08-31')"
1127,1228,time,"('2001-09-15', '2001-09-15')"
1127,1235,time,"('2002-09-20', '2002-09-20')"
1127,1235,loss,Huge Loss
1127,1253,time,"('2008-06-01', '2008-06-30')"
1127,1253,loss,Huge Loss
1127,1271,time,"('1999-06-01', '1999-08-31')"
1127,1277,time,"('2014-09-01', '2014-09-30')"
1127,1281,loss,Huge Loss
1127,1298,time,"('2014-05-01', '2014-05-31')"
1127,1298,loss,Huge Loss
1127,1306,time,"('2012-09-06', '2012-09-06')"
1127,1306,location,Italy
1127,1339,loss,Huge Loss
1127,1349,time,"('2010-02-20', '2010-02-20')"
1127,1349,loss,Huge Loss
1127,1380,time,"('2010-08-13', '2010-08-13')"
1127,1384,time,"('2011-07-27', '2011-07-27')"
1127,1410,time,"('1998-01-01', '1998-12-31')"
1127,1410,factor,Climate Factors
1127,1429,time,"('2011-07-27', '2011-07-27')"
1127,1440,time,"('1997-12-26', '1997-12-26')"
1127,1455,time,"('2009-01-01', '2012-12-31')"
1173,1224,scale,Large
1173,1228,location,China
1173,1248,location,China
1173,1281,location,China
1173,1281,control,Infrastructure and Construction Measures
1173,1380,location,China
1173,1380,scale,Large
1173,1410,scale,Large
1173,1431,location,China
1173,1431,control,Infrastructure and Construction Measures
1173,1455,location,China
1224,1235,index,Volume
1224,1271,method,Field Studies and Experiments
1224,1306,method,Field Studies and Experiments
1224,1339,index,Volume
1224,1380,loss,Other
1224,1380,scale,Large
1224,1380,method,Field Studies and Experiments
1224,1410,loss,Other
1224,1410,scale,Large
1228,1235,type,Other
1228,1248,location,China
1228,1281,location,China
1228,1281,type,Other
1228,1347,type,Other
1228,1380,location,China
1228,1380,type,Other
1228,1410,type,Other
1228,1429,type,Other
1228,1431,location,China
1228,1455,location,China
1235,1248,scale,Huge
1235,1253,loss,Huge Loss
1235,1271,scale,Huge
1235,1277,location,Russia
1235,1281,type,Other
1235,1281,loss,Huge Loss
1235,1298,loss,Huge Loss
1235,1298,scale,Huge
1235,1339,loss,Huge Loss
1235,1339,index,Volume
1235,1347,type,Other
1235,1349,loss,Huge Loss
1235,1380,type,Other
1235,1384,scale,Huge
1235,1410,type,Other
1235,1429,type,Other
1235,1431,scale,Huge
1248,1271,scale,Huge
1248,1281,location,China
1248,1281,method,Modeling and Analysis
1248,1298,scale,Huge
1248,1339,method,Modeling and Analysis
1248,1380,location,China
1248,1384,scale,Huge
1248,1410,method,Modeling and Analysis
1248,1431,location,China
1248,1431,scale,Huge
1248,1431,method,Modeling and Analysis
1248,1455,location,China
1253,1281,loss,Huge Loss
1253,1298,loss,Huge Loss
1253,1339,loss,Huge Loss
1253,1349,loss,Huge Loss
1271,1298,scale,Huge
1271,1306,loss,Medium Loss
1271,1306,method,Field Studies and Experiments
1271,1380,method,Field Studies and Experiments
1271,1384,scale,Huge
1271,1431,loss,Medium Loss
1271,1431,scale,Huge
1271,1455,control,Soil and Water Management
1281,1298,loss,Huge Loss
1281,1339,loss,Huge Loss
1281,1339,method,Modeling and Analysis
1281,1347,type,Other
1281,1349,loss,Huge Loss
1281,1380,location,"China,Sichuan"
1281,1380,type,Other
1281,1410,type,Other
1281,1410,method,Modeling and Analysis
1281,1429,type,Other
1281,1431,location,"China,Sichuan"
1281,1431,method,Modeling and Analysis
1281,1431,control,Infrastructure and Construction Measures
1281,1455,location,China
1298,1306,index,Discharge and Precipitation
1298,1339,loss,Huge Loss
1298,1349,loss,Huge Loss
1298,1384,index,Discharge and Precipitation
1298,1384,scale,Huge
1298,1410,index,Discharge and Precipitation
1298,1431,scale,Huge
1306,1380,method,Field Studies and Experiments
1306,1384,index,Discharge and Precipitation
1306,1410,index,Discharge and Precipitation
1306,1431,loss,Medium Loss
1306,1455,time,"('2012-09-06', '2012-09-06')"
1339,1349,loss,Huge Loss
1339,1410,method,Modeling and Analysis
1339,1431,method,Modeling and Analysis
1347,1380,type,Other
1347,1410,type,Other
1347,1429,type,Other
1349,1455,time,"('2010-02-20', '2010-02-20')"
1380,1410,type,Other
1380,1410,loss,Other
1380,1410,scale,Large
1380,1429,type,Other
1380,1431,location,"China,Sichuan"
1380,1455,time,"('2010-08-13', '2010-08-13')"
1380,1455,location,China
1384,1410,index,Discharge and Precipitation
1384,1429,time,"('2011-07-27', '2011-07-27')"
1384,1429,location,"South Korea,Seoul"
1384,1431,scale,Huge
1384,1455,time,"('2011-07-27', '2011-07-27')"
1410,1429,type,Other
1410,1431,method,Modeling and Analysis
1429,1455,time,"('2011-07-27', '2011-07-27')"
1431,1455,location,China
