source_id,target_id,relation_type,relation_content
2,6,method,Modeling and Analysis
2,12,factor,Geologic Factors
2,16,loss,Slight Loss
2,31,index,Unresolved
2,33,factor,Geologic Factors
2,37,loss,Slight Loss
2,37,factor,Geologic Factors
2,39,index,Unresolved
2,41,method,Modeling and Analysis
2,41,factor,Geologic Factors
2,76,method,Modeling and Analysis
2,81,method,Modeling and Analysis
2,81,factor,Geologic Factors
2,84,method,Modeling and Analysis
2,98,factor,Geologic Factors
2,100,method,Modeling and Analysis
2,167,factor,Geologic Factors
2,170,factor,Geologic Factors
2,171,method,Modeling and Analysis
2,189,method,Modeling and Analysis
2,194,method,Modeling and Analysis
2,196,factor,Geologic Factors
2,208,factor,Geologic Factors
2,221,method,Modeling and Analysis
2,230,method,Modeling and Analysis
2,234,method,Modeling and Analysis
2,242,loss,Slight Loss
2,243,factor,Geologic Factors
2,255,loss,Slight Loss
2,256,loss,Slight Loss
2,265,factor,Geologic Factors
2,269,factor,Geologic Factors
2,286,method,Modeling and Analysis
2,295,method,Modeling and Analysis
2,297,method,Modeling and Analysis
2,303,method,Modeling and Analysis
2,307,factor,Geologic Factors
2,347,loss,Slight Loss
2,347,method,Modeling and Analysis
4,6,loss,Other
4,12,loss,Other
4,29,type,Rainfall-induced Debris Flow
4,29,method,Remote Sensing and Imaging
4,31,method,Remote Sensing and Imaging
4,39,type,Rainfall-induced Debris Flow
4,39,loss,Other
4,39,factor,Other
4,41,loss,Other
4,43,type,Rainfall-induced Debris Flow
4,43,loss,Other
4,54,loss,Other
4,57,time,"('2010-02-20', '2010-02-20')"
4,68,loss,Other
4,68,factor,Other
4,76,loss,Other
4,78,loss,Other
4,81,loss,Other
4,84,loss,Other
4,98,type,Rainfall-induced Debris Flow
4,100,type,Rainfall-induced Debris Flow
4,117,loss,Other
4,128,loss,Other
4,142,factor,Other
4,156,loss,Other
4,168,time,"('2010-02-20', '2010-02-20')"
4,182,type,Rainfall-induced Debris Flow
4,188,type,Rainfall-induced Debris Flow
4,194,loss,Other
4,196,loss,Other
4,200,type,Rainfall-induced Debris Flow
4,209,type,Rainfall-induced Debris Flow
4,209,loss,Other
4,209,factor,Other
4,229,type,Rainfall-induced Debris Flow
4,229,factor,Other
4,234,loss,Other
4,243,time,"('2010-02-20', '2010-02-20')"
4,245,loss,Other
4,251,loss,Other
4,265,loss,Other
4,265,method,Remote Sensing and Imaging
4,273,factor,Other
4,281,factor,Other
4,283,loss,Other
4,286,factor,Other
4,297,type,Rainfall-induced Debris Flow
4,303,loss,Other
4,305,time,"('2010-02-20', '2010-02-20')"
4,305,method,Remote Sensing and Imaging
4,305,factor,Other
4,307,loss,Other
4,316,loss,Other
4,316,factor,Other
4,321,method,Remote Sensing and Imaging
4,330,type,Rainfall-induced Debris Flow
4,332,time,"('2010-02-20', '2010-02-20')"
4,335,loss,Other
4,343,loss,Other
4,353,type,Rainfall-induced Debris Flow
4,365,loss,Other
6,12,loss,Other
6,39,loss,Other
6,41,loss,Other
6,41,method,Modeling and Analysis
6,43,loss,Other
6,54,loss,Other
6,68,loss,Other
6,76,loss,Other
6,76,method,Modeling and Analysis
6,78,loss,Other
6,81,loss,Other
6,81,method,Modeling and Analysis
6,84,loss,Other
6,84,method,Modeling and Analysis
6,100,method,Modeling and Analysis
6,117,loss,Other
6,128,loss,Other
6,156,loss,Other
6,171,method,Modeling and Analysis
6,189,method,Modeling and Analysis
6,194,loss,Other
6,194,method,Modeling and Analysis
6,196,loss,Other
6,209,loss,Other
6,221,method,Modeling and Analysis
6,230,method,Modeling and Analysis
6,234,loss,Other
6,234,method,Modeling and Analysis
6,245,loss,Other
6,251,loss,Other
6,265,loss,Other
6,283,loss,Other
6,286,method,Modeling and Analysis
6,295,method,Modeling and Analysis
6,297,method,Modeling and Analysis
6,303,loss,Other
6,303,method,Modeling and Analysis
6,307,loss,Other
6,316,loss,Other
6,335,loss,Other
6,343,loss,Other
6,347,method,Modeling and Analysis
6,365,loss,Other
12,29,scale,Large
12,33,factor,Geologic Factors
12,37,factor,Geologic Factors
12,39,loss,Other
12,41,loss,Other
12,41,scale,Large
12,41,factor,Geologic Factors
12,43,loss,Other
12,43,scale,Large
12,54,loss,Other
12,68,loss,Other
12,68,scale,Large
12,76,loss,Other
12,78,loss,Other
12,81,loss,Other
12,81,factor,Geologic Factors
12,84,loss,Other
12,98,factor,Geologic Factors
12,117,loss,Other
12,128,loss,Other
12,156,loss,Other
12,167,factor,Geologic Factors
12,170,factor,Geologic Factors
12,185,scale,Large
12,194,loss,Other
12,196,loss,Other
12,196,factor,Geologic Factors
12,208,scale,Large
12,208,factor,Geologic Factors
12,209,loss,Other
12,221,scale,Large
12,234,loss,Other
12,243,factor,Geologic Factors
12,245,loss,Other
12,245,scale,Large
12,251,loss,Other
12,265,loss,Other
12,265,scale,Large
12,265,factor,Geologic Factors
12,269,factor,Geologic Factors
12,281,scale,Large
12,283,loss,Other
12,297,scale,Large
12,303,loss,Other
12,307,loss,Other
12,307,factor,Geologic Factors
12,316,loss,Other
12,335,loss,Other
12,343,loss,Other
12,343,scale,Large
12,344,scale,Large
12,365,loss,Other
16,37,loss,Slight Loss
16,83,time,"('1999-03-28', '1999-03-28')"
16,242,loss,Slight Loss
16,243,time,"('1999-03-28', '1999-03-28')"
16,255,loss,Slight Loss
16,256,loss,Slight Loss
16,332,time,"('1999-03-28', '1999-03-28')"
16,347,loss,Slight Loss
29,31,method,Remote Sensing and Imaging
29,39,location,China
29,39,type,Rainfall-induced Debris Flow
29,41,scale,Large
29,43,type,Rainfall-induced Debris Flow
29,43,scale,Large
29,48,location,China
29,68,scale,Large
29,76,location,China
29,84,location,China
29,98,type,Rainfall-induced Debris Flow
29,100,type,Rainfall-induced Debris Flow
29,152,location,China
29,156,location,China
29,168,time,"('2013-04-04', '2013-04-04')"
29,168,location,China
29,182,type,Rainfall-induced Debris Flow
29,185,scale,Large
29,188,type,Rainfall-induced Debris Flow
29,189,location,China
29,200,location,China
29,200,type,Rainfall-induced Debris Flow
29,208,scale,Large
29,209,type,Rainfall-induced Debris Flow
29,221,scale,Large
29,229,type,Rainfall-induced Debris Flow
29,232,location,China
29,243,time,"('2013-04-04', '2013-04-04')"
29,245,scale,Large
29,265,scale,Large
29,265,method,Remote Sensing and Imaging
29,281,scale,Large
29,295,location,China
29,297,type,Rainfall-induced Debris Flow
29,297,scale,Large
29,305,method,Remote Sensing and Imaging
29,321,method,Remote Sensing and Imaging
29,330,type,Rainfall-induced Debris Flow
29,332,time,"('2013-04-04', '2013-04-04')"
29,343,scale,Large
29,344,scale,Large
29,353,type,Rainfall-induced Debris Flow
31,39,time,"('2008-05-12', '2008-05-12')"
31,39,index,Unresolved
31,100,time,"('2008-05-12', '2008-05-12')"
31,128,time,"('2008-05-12', '2008-05-12')"
31,185,time,"('2008-05-12', '2008-05-12')"
31,234,time,"('2008-05-12', '2008-05-12')"
31,243,time,"('2008-05-12', '2008-05-12')"
31,263,time,"('2008-05-12', '2008-05-12')"
31,265,method,Remote Sensing and Imaging
31,268,time,"('2008-05-12', '2008-05-12')"
31,305,method,Remote Sensing and Imaging
31,321,method,Remote Sensing and Imaging
31,332,time,"('2008-05-12', '2008-05-12')"
31,333,time,"('2008-05-12', '2008-05-12')"
33,37,factor,Geologic Factors
33,39,control,Infrastructure and Construction Measures
33,41,factor,Geologic Factors
33,44,control,Infrastructure and Construction Measures
33,56,control,Infrastructure and Construction Measures
33,57,control,Infrastructure and Construction Measures
33,81,factor,Geologic Factors
33,87,method,Field Studies and Experiments
33,98,factor,Geologic Factors
33,120,method,Field Studies and Experiments
33,167,method,Field Studies and Experiments
33,167,factor,Geologic Factors
33,168,time,"('2013-07-08', '2013-07-08')"
33,170,factor,Geologic Factors
33,170,control,Infrastructure and Construction Measures
33,196,factor,Geologic Factors
33,200,method,Field Studies and Experiments
33,208,factor,Geologic Factors
33,243,time,"('2013-07-08', '2013-07-08')"
33,243,factor,Geologic Factors
33,265,factor,Geologic Factors
33,269,factor,Geologic Factors
33,286,control,Infrastructure and Construction Measures
33,287,control,Infrastructure and Construction Measures
33,290,control,Infrastructure and Construction Measures
33,297,control,Infrastructure and Construction Measures
33,307,factor,Geologic Factors
33,307,control,Infrastructure and Construction Measures
33,320,method,Field Studies and Experiments
33,320,control,Infrastructure and Construction Measures
33,330,method,Field Studies and Experiments
33,332,time,"('2013-07-08', '2013-07-08')"
37,41,factor,Geologic Factors
37,81,factor,Geologic Factors
37,98,factor,Geologic Factors
37,167,factor,Geologic Factors
37,168,time,"('2013-06-01', '2013-06-30')"
37,170,factor,Geologic Factors
37,188,method,Other
37,196,factor,Geologic Factors
37,208,method,Other
37,208,factor,Geologic Factors
37,242,loss,Slight Loss
37,243,time,"('2013-06-01', '2013-06-30')"
37,243,factor,Geologic Factors
37,255,loss,Slight Loss
37,256,loss,Slight Loss
37,265,factor,Geologic Factors
37,269,factor,Geologic Factors
37,278,method,Other
37,307,factor,Geologic Factors
37,332,time,"('2013-06-01', '2013-06-30')"
37,332,method,Other
37,343,method,Other
37,347,loss,Slight Loss
39,41,loss,Other
39,43,type,Rainfall-induced Debris Flow
39,43,loss,Other
39,44,control,Infrastructure and Construction Measures
39,46,scale,Huge
39,48,location,"China,Sichuan,Ngawa Tibetan and Qiang Autonomous Prefecture"
39,48,scale,Huge
39,54,loss,Other
39,56,control,Infrastructure and Construction Measures
39,57,control,Infrastructure and Construction Measures
39,68,loss,Other
39,68,factor,Other
39,76,location,China
39,76,loss,Other
39,76,scale,Huge
39,78,loss,Other
39,81,loss,Other
39,84,location,China
39,84,loss,Other
39,98,type,Rainfall-induced Debris Flow
39,100,time,"('2008-05-12', '2008-05-12')"
39,100,type,Rainfall-induced Debris Flow
39,100,scale,Huge
39,117,loss,Other
39,128,time,"('2008-01-01', '2008-12-31')"
39,128,loss,Other
39,135,scale,Huge
39,142,scale,Huge
39,142,factor,Other
39,152,location,China
39,156,location,China
39,156,loss,Other
39,168,location,China
39,170,control,Infrastructure and Construction Measures
39,182,type,Rainfall-induced Debris Flow
39,185,time,"('2008-01-01', '2008-12-31')"
39,188,type,Rainfall-induced Debris Flow
39,189,location,China
39,192,time,"('2008-09-24', '2008-09-24')"
39,194,loss,Other
39,196,loss,Other
39,200,location,China
39,200,type,Rainfall-induced Debris Flow
39,209,type,Rainfall-induced Debris Flow
39,209,loss,Other
39,209,factor,Other
39,229,type,Rainfall-induced Debris Flow
39,229,factor,Other
39,232,location,China
39,234,time,"('2008-01-01', '2008-12-31')"
39,234,loss,Other
39,243,time,"('2008-01-01', '2008-12-31')"
39,245,loss,Other
39,251,loss,Other
39,263,time,"('2008-05-12', '2008-05-12')"
39,265,loss,Other
39,268,time,"('2008-01-01', '2008-12-31')"
39,273,scale,Huge
39,273,factor,Other
39,281,factor,Other
39,283,loss,Other
39,286,factor,Other
39,286,control,Infrastructure and Construction Measures
39,287,control,Infrastructure and Construction Measures
39,290,control,Infrastructure and Construction Measures
39,295,location,"China,Sichuan,Ngawa Tibetan and Qiang Autonomous Prefecture"
39,295,scale,Huge
39,297,type,Rainfall-induced Debris Flow
39,297,control,Infrastructure and Construction Measures
39,303,loss,Other
39,305,factor,Other
39,307,loss,Other
39,307,control,Infrastructure and Construction Measures
39,309,scale,Huge
39,316,loss,Other
39,316,factor,Other
39,320,control,Infrastructure and Construction Measures
39,321,scale,Huge
39,330,type,Rainfall-induced Debris Flow
39,332,time,"('2008-01-01', '2008-12-31')"
39,333,time,"('2008-05-12', '2008-05-12')"
39,335,loss,Other
39,343,loss,Other
39,347,time,"('2008-03-04', '2008-03-04')"
39,353,type,Rainfall-induced Debris Flow
39,365,loss,Other
41,43,loss,Other
41,43,scale,Large
41,54,loss,Other
41,68,loss,Other
41,68,scale,Large
41,76,loss,Other
41,76,method,Modeling and Analysis
41,78,loss,Other
41,81,loss,Other
41,81,method,Modeling and Analysis
41,81,factor,Geologic Factors
41,83,time,"('1877-01-01', '1877-12-31')"
41,84,loss,Other
41,84,method,Modeling and Analysis
41,98,factor,Geologic Factors
41,100,method,Modeling and Analysis
41,117,loss,Other
41,128,loss,Other
41,156,loss,Other
41,167,factor,Geologic Factors
41,170,factor,Geologic Factors
41,171,method,Modeling and Analysis
41,185,scale,Large
41,189,method,Modeling and Analysis
41,194,loss,Other
41,194,method,Modeling and Analysis
41,196,loss,Other
41,196,factor,Geologic Factors
41,208,scale,Large
41,208,factor,Geologic Factors
41,209,loss,Other
41,221,scale,Large
41,221,method,Modeling and Analysis
41,230,method,Modeling and Analysis
41,234,loss,Other
41,234,method,Modeling and Analysis
41,243,factor,Geologic Factors
41,245,loss,Other
41,245,scale,Large
41,251,loss,Other
41,265,loss,Other
41,265,scale,Large
41,265,factor,Geologic Factors
41,269,factor,Geologic Factors
41,281,scale,Large
41,283,loss,Other
41,286,method,Modeling and Analysis
41,295,method,Modeling and Analysis
41,297,scale,Large
41,297,method,Modeling and Analysis
41,303,loss,Other
41,303,method,Modeling and Analysis
41,307,loss,Other
41,307,factor,Geologic Factors
41,316,loss,Other
41,335,loss,Other
41,343,loss,Other
41,343,scale,Large
41,344,scale,Large
41,347,method,Modeling and Analysis
41,365,loss,Other
43,54,loss,Other
43,68,loss,Other
43,68,scale,Large
43,76,loss,Other
43,78,location,Italy
43,78,loss,Other
43,81,loss,Other
43,84,loss,Other
43,98,type,Rainfall-induced Debris Flow
43,100,type,Rainfall-induced Debris Flow
43,117,loss,Other
43,128,loss,Other
43,156,loss,Other
43,182,type,Rainfall-induced Debris Flow
43,185,scale,Large
43,188,type,Rainfall-induced Debris Flow
43,194,loss,Other
43,196,loss,Other
43,200,type,Rainfall-induced Debris Flow
43,208,scale,Large
43,209,type,Rainfall-induced Debris Flow
43,209,loss,Other
43,221,scale,Large
43,229,type,Rainfall-induced Debris Flow
43,234,loss,Other
43,245,loss,Other
43,245,scale,Large
43,251,loss,Other
43,265,loss,Other
43,265,scale,Large
43,281,scale,Large
43,283,loss,Other
43,297,type,Rainfall-induced Debris Flow
43,297,scale,Large
43,303,loss,Other
43,307,loss,Other
43,316,loss,Other
43,330,type,Rainfall-induced Debris Flow
43,335,loss,Other
43,343,loss,Other
43,343,scale,Large
43,344,location,Italy
43,344,scale,Large
43,353,type,Rainfall-induced Debris Flow
43,365,loss,Other
44,56,control,Infrastructure and Construction Measures
44,57,control,Infrastructure and Construction Measures
44,170,control,Infrastructure and Construction Measures
44,286,control,Infrastructure and Construction Measures
44,287,control,Infrastructure and Construction Measures
44,290,control,Infrastructure and Construction Measures
44,297,control,Infrastructure and Construction Measures
44,307,control,Infrastructure and Construction Measures
44,320,control,Infrastructure and Construction Measures
45,83,time,"('1967-09-01', '1967-12-31')"
45,243,time,"('1967-09-01', '1967-12-31')"
46,48,scale,Huge
46,76,scale,Huge
46,100,scale,Huge
46,135,scale,Huge
46,142,scale,Huge
46,152,index,Other
46,273,scale,Huge
46,295,scale,Huge
46,303,index,Other
46,307,index,Other
46,309,scale,Huge
46,321,scale,Huge
46,332,index,Other
48,56,loss,Huge Loss
48,76,location,China
48,76,scale,Huge
48,83,loss,Huge Loss
48,84,location,China
48,87,loss,Huge Loss
48,98,loss,Huge Loss
48,100,loss,Huge Loss
48,100,scale,Huge
48,120,loss,Huge Loss
48,135,scale,Huge
48,142,scale,Huge
48,152,location,China
48,156,location,China
48,168,location,China
48,185,loss,Huge Loss
48,188,loss,Huge Loss
48,189,location,China
48,200,location,China
48,200,loss,Huge Loss
48,230,loss,Huge Loss
48,232,location,China
48,269,loss,Huge Loss
48,273,loss,Huge Loss
48,273,scale,Huge
48,281,loss,Huge Loss
48,290,loss,Huge Loss
48,295,time,"('2017-06-24', '2017-06-24')"
48,295,location,"China,Sichuan,Ngawa Tibetan and Qiang Autonomous Prefecture"
48,295,loss,Huge Loss
48,295,scale,Huge
48,297,loss,Huge Loss
48,298,loss,Huge Loss
48,305,loss,Huge Loss
48,309,loss,Huge Loss
48,309,scale,Huge
48,320,loss,Huge Loss
48,320,factor,Human Factors
48,321,loss,Huge Loss
48,321,scale,Huge
48,330,loss,Huge Loss
48,332,loss,Huge Loss
48,333,loss,Huge Loss
54,68,loss,Other
54,76,loss,Other
54,78,loss,Other
54,81,loss,Other
54,84,loss,Other
54,117,loss,Other
54,128,loss,Other
54,156,loss,Other
54,168,time,"('2012-08-04', '2012-08-05')"
54,194,loss,Other
54,196,loss,Other
54,209,loss,Other
54,234,loss,Other
54,243,time,"('2012-08-04', '2012-08-05')"
54,245,loss,Other
54,251,loss,Other
54,265,loss,Other
54,283,loss,Other
54,303,loss,Other
54,307,loss,Other
54,316,loss,Other
54,332,time,"('2012-08-04', '2012-08-05')"
54,335,loss,Other
54,343,loss,Other
54,365,loss,Other
56,57,time,"('2010-01-04', '2010-01-04')"
56,57,control,Infrastructure and Construction Measures
56,83,loss,Huge Loss
56,87,loss,Huge Loss
56,98,loss,Huge Loss
56,100,loss,Huge Loss
56,120,loss,Huge Loss
56,168,time,"('2010-01-04', '2010-01-04')"
56,170,control,Infrastructure and Construction Measures
56,185,loss,Huge Loss
56,188,loss,Huge Loss
56,200,loss,Huge Loss
56,230,loss,Huge Loss
56,243,time,"('2010-01-04', '2010-01-04')"
56,269,loss,Huge Loss
56,273,loss,Huge Loss
56,281,loss,Huge Loss
56,286,control,Infrastructure and Construction Measures
56,287,control,Infrastructure and Construction Measures
56,290,loss,Huge Loss
56,290,control,Infrastructure and Construction Measures
56,295,loss,Huge Loss
56,297,loss,Huge Loss
56,297,control,Infrastructure and Construction Measures
56,298,loss,Huge Loss
56,305,time,"('2010-01-04', '2010-01-04')"
56,305,loss,Huge Loss
56,307,control,Infrastructure and Construction Measures
56,309,loss,Huge Loss
56,320,loss,Huge Loss
56,320,control,Infrastructure and Construction Measures
56,321,loss,Huge Loss
56,330,loss,Huge Loss
56,332,time,"('2010-01-04', '2010-01-04')"
56,332,loss,Huge Loss
56,333,loss,Huge Loss
57,68,type,Other
57,78,type,Other
57,81,type,Other
57,83,type,Other
57,123,type,Other
57,128,type,Other
57,135,type,Other
57,140,type,Other
57,168,time,"('2010-01-01', '2010-12-31')"
57,170,type,Other
57,170,control,Infrastructure and Construction Measures
57,189,type,Other
57,192,type,Other
57,221,type,Other
57,230,type,Other
57,243,time,"('2010-01-01', '2010-12-31')"
57,251,type,Other
57,255,type,Other
57,273,type,Other
57,278,type,Other
57,286,control,Infrastructure and Construction Measures
57,287,control,Infrastructure and Construction Measures
57,290,type,Other
57,290,control,Infrastructure and Construction Measures
57,295,type,Other
57,297,control,Infrastructure and Construction Measures
57,298,type,Other
57,303,type,Other
57,305,time,"('2010-01-01', '2010-12-31')"
57,305,type,Other
57,307,control,Infrastructure and Construction Measures
57,309,time,"('2010-08-07', '2010-08-07')"
57,316,type,Other
57,320,control,Infrastructure and Construction Measures
57,321,type,Other
57,332,time,"('2010-01-01', '2010-12-31')"
57,347,type,Other
68,76,loss,Other
68,78,type,Other
68,78,loss,Other
68,81,type,Other
68,81,loss,Other
68,83,time,"('1985-11-01', '1985-11-30')"
68,83,type,Other
68,84,loss,Other
68,117,loss,Other
68,123,type,Other
68,128,type,Other
68,128,loss,Other
68,135,type,Other
68,140,type,Other
68,142,factor,Other
68,156,loss,Other
68,170,type,Other
68,185,scale,Large
68,188,location,United States
68,189,type,Other
68,192,type,Other
68,194,loss,Other
68,196,loss,Other
68,208,scale,Large
68,209,loss,Other
68,209,factor,Other
68,221,type,Other
68,221,scale,Large
68,229,factor,Other
68,230,type,Other
68,234,loss,Other
68,243,time,"('1985-11-01', '1985-11-30')"
68,245,loss,Other
68,245,scale,Large
68,251,type,Other
68,251,loss,Other
68,255,type,Other
68,265,loss,Other
68,265,scale,Large
68,273,type,Other
68,273,factor,Other
68,278,type,Other
68,281,scale,Large
68,281,factor,Other
68,283,loss,Other
68,286,factor,Other
68,290,type,Other
68,295,type,Other
68,297,scale,Large
68,298,type,Other
68,303,type,Other
68,303,loss,Other
68,305,type,Other
68,305,factor,Other
68,307,loss,Other
68,316,type,Other
68,316,loss,Other
68,316,factor,Other
68,321,type,Other
68,335,loss,Other
68,343,loss,Other
68,343,scale,Large
68,344,scale,Large
68,347,type,Other
68,365,loss,Other
76,78,loss,Other
76,81,loss,Other
76,81,method,Modeling and Analysis
76,84,location,China
76,84,loss,Other
76,84,method,Modeling and Analysis
76,100,index,Volume
76,100,scale,Huge
76,100,method,Modeling and Analysis
76,117,loss,Other
76,128,loss,Other
76,128,index,Volume
76,135,index,Volume
76,135,scale,Huge
76,142,scale,Huge
76,152,location,China
76,156,location,China
76,156,loss,Other
76,168,time,"('2012-07-31', '2012-07-31')"
76,168,location,China
76,168,index,Volume
76,170,index,Volume
76,171,method,Modeling and Analysis
76,189,location,China
76,189,method,Modeling and Analysis
76,193,index,Volume
76,194,loss,Other
76,194,method,Modeling and Analysis
76,196,loss,Other
76,200,location,China
76,209,loss,Other
76,221,method,Modeling and Analysis
76,230,index,Volume
76,230,method,Modeling and Analysis
76,232,location,China
76,234,loss,Other
76,234,method,Modeling and Analysis
76,243,time,"('2012-07-31', '2012-07-31')"
76,245,loss,Other
76,251,loss,Other
76,265,loss,Other
76,273,scale,Huge
76,283,loss,Other
76,286,method,Modeling and Analysis
76,295,location,China
76,295,scale,Huge
76,295,method,Modeling and Analysis
76,297,index,Volume
76,297,method,Modeling and Analysis
76,303,loss,Other
76,303,method,Modeling and Analysis
76,307,loss,Other
76,309,index,Volume
76,309,scale,Huge
76,316,loss,Other
76,321,scale,Huge
76,332,time,"('2012-07-31', '2012-07-31')"
76,335,loss,Other
76,343,loss,Other
76,343,index,Volume
76,347,method,Modeling and Analysis
76,365,loss,Other
78,81,type,Other
78,81,loss,Other
78,83,type,Other
78,84,loss,Other
78,117,loss,Other
78,123,type,Other
78,128,type,Other
78,128,loss,Other
78,135,type,Other
78,140,type,Other
78,156,loss,Other
78,170,type,Other
78,182,index,Deformation Rate
78,189,type,Other
78,192,type,Other
78,194,loss,Other
78,196,loss,Other
78,209,loss,Other
78,221,type,Other
78,230,type,Other
78,234,loss,Other
78,245,loss,Other
78,251,type,Other
78,251,loss,Other
78,255,type,Other
78,255,index,Deformation Rate
78,265,loss,Other
78,273,type,Other
78,278,type,Other
78,283,loss,Other
78,290,type,Other
78,295,type,Other
78,298,type,Other
78,303,type,Other
78,303,loss,Other
78,305,type,Other
78,305,index,Deformation Rate
78,307,loss,Other
78,316,type,Other
78,316,loss,Other
78,321,type,Other
78,335,loss,Other
78,343,loss,Other
78,344,location,Italy
78,347,type,Other
78,365,loss,Other
81,83,type,Other
81,84,loss,Other
81,84,method,Modeling and Analysis
81,98,factor,Geologic Factors
81,100,method,Modeling and Analysis
81,117,loss,Other
81,123,type,Other
81,128,type,Other
81,128,loss,Other
81,135,type,Other
81,140,type,Other
81,156,loss,Other
81,167,factor,Geologic Factors
81,170,type,Other
81,170,factor,Geologic Factors
81,171,method,Modeling and Analysis
81,189,type,Other
81,189,method,Modeling and Analysis
81,192,type,Other
81,194,loss,Other
81,194,method,Modeling and Analysis
81,196,loss,Other
81,196,factor,Geologic Factors
81,208,factor,Geologic Factors
81,209,loss,Other
81,221,type,Other
81,221,method,Modeling and Analysis
81,230,type,Other
81,230,method,Modeling and Analysis
81,234,loss,Other
81,234,method,Modeling and Analysis
81,243,factor,Geologic Factors
81,245,loss,Other
81,251,type,Other
81,251,loss,Other
81,255,type,Other
81,265,loss,Other
81,265,factor,Geologic Factors
81,269,factor,Geologic Factors
81,273,type,Other
81,278,type,Other
81,283,loss,Other
81,286,method,Modeling and Analysis
81,290,type,Other
81,295,type,Other
81,295,method,Modeling and Analysis
81,297,method,Modeling and Analysis
81,298,type,Other
81,303,type,Other
81,303,loss,Other
81,303,method,Modeling and Analysis
81,305,type,Other
81,307,loss,Other
81,307,factor,Geologic Factors
81,316,type,Other
81,316,loss,Other
81,321,type,Other
81,335,loss,Other
81,343,loss,Other
81,347,type,Other
81,347,method,Modeling and Analysis
81,365,loss,Other
83,87,loss,Huge Loss
83,98,loss,Huge Loss
83,100,loss,Huge Loss
83,120,loss,Huge Loss
83,123,type,Other
83,128,type,Other
83,135,type,Other
83,140,type,Other
83,170,time,"('1986-08-01', '1986-08-31')"
83,170,type,Other
83,185,loss,Huge Loss
83,188,loss,Huge Loss
83,189,type,Other
83,192,type,Other
83,193,time,"('1998-10-30', '1998-10-30')"
83,200,loss,Huge Loss
83,208,time,"('1964-01-01', '1964-12-31')"
83,221,type,Other
83,230,type,Other
83,230,loss,Huge Loss
83,243,time,"('1928-01-01', '1999-12-31')"
83,251,type,Other
83,255,type,Other
83,269,loss,Huge Loss
83,273,time,"('1997-07-11', '1997-07-11')"
83,273,type,Other
83,273,loss,Huge Loss
83,278,type,Other
83,281,loss,Huge Loss
83,290,location,Hong Kong
83,290,type,Other
83,290,loss,Huge Loss
83,295,type,Other
83,295,loss,Huge Loss
83,297,loss,Huge Loss
83,298,type,Other
83,298,loss,Huge Loss
83,303,type,Other
83,305,type,Other
83,305,loss,Huge Loss
83,309,loss,Huge Loss
83,316,type,Other
83,320,loss,Huge Loss
83,321,time,"('1996-06-19', '1996-06-19')"
83,321,type,Other
83,321,loss,Huge Loss
83,330,loss,Huge Loss
83,332,time,"('1994-01-01', '1999-12-31')"
83,332,loss,Huge Loss
83,333,loss,Huge Loss
83,335,time,"('1990-06-25', '1990-06-25')"
83,347,type,Other
84,100,method,Modeling and Analysis
84,117,loss,Other
84,128,loss,Other
84,152,location,"China,Gansu"
84,156,location,China
84,156,loss,Other
84,168,location,China
84,171,method,Modeling and Analysis
84,189,location,China
84,189,method,Modeling and Analysis
84,194,loss,Other
84,194,method,Modeling and Analysis
84,196,loss,Other
84,200,location,"China,Gansu"
84,209,loss,Other
84,221,method,Modeling and Analysis
84,230,method,Modeling and Analysis
84,232,location,China
84,234,loss,Other
84,234,method,Modeling and Analysis
84,245,loss,Other
84,251,loss,Other
84,265,loss,Other
84,283,loss,Other
84,286,method,Modeling and Analysis
84,295,location,China
84,295,method,Modeling and Analysis
84,297,method,Modeling and Analysis
84,303,loss,Other
84,303,method,Modeling and Analysis
84,307,loss,Other
84,316,loss,Other
84,335,loss,Other
84,343,loss,Other
84,347,method,Modeling and Analysis
84,365,loss,Other
87,98,loss,Huge Loss
87,100,loss,Huge Loss
87,120,loss,Huge Loss
87,120,method,Field Studies and Experiments
87,167,method,Field Studies and Experiments
87,185,loss,Huge Loss
87,188,loss,Huge Loss
87,200,loss,Huge Loss
87,200,method,Field Studies and Experiments
87,230,loss,Huge Loss
87,243,time,"('2004-09-01', '2004-09-30')"
87,268,time,"('2004-09-01', '2004-09-30')"
87,269,loss,Huge Loss
87,273,loss,Huge Loss
87,281,loss,Huge Loss
87,287,time,"('2004-09-01', '2004-09-30')"
87,290,loss,Huge Loss
87,295,loss,Huge Loss
87,297,loss,Huge Loss
87,298,loss,Huge Loss
87,305,loss,Huge Loss
87,309,loss,Huge Loss
87,320,loss,Huge Loss
87,320,method,Field Studies and Experiments
87,321,loss,Huge Loss
87,330,loss,Huge Loss
87,330,method,Field Studies and Experiments
87,332,time,"('2004-09-01', '2004-09-30')"
87,332,loss,Huge Loss
87,333,loss,Huge Loss
87,344,time,"('2004-09-01', '2004-09-30')"
98,100,type,Rainfall-induced Debris Flow
98,100,loss,Huge Loss
98,120,loss,Huge Loss
98,167,factor,Geologic Factors
98,170,factor,Geologic Factors
98,182,type,Rainfall-induced Debris Flow
98,185,loss,Huge Loss
98,188,type,Rainfall-induced Debris Flow
98,188,loss,Huge Loss
98,196,factor,Geologic Factors
98,200,type,Rainfall-induced Debris Flow
98,200,loss,Huge Loss
98,208,factor,Geologic Factors
98,209,type,Rainfall-induced Debris Flow
98,229,type,Rainfall-induced Debris Flow
98,230,loss,Huge Loss
98,243,factor,Geologic Factors
98,265,factor,Geologic Factors
98,269,loss,Huge Loss
98,269,factor,Geologic Factors
98,273,loss,Huge Loss
98,281,loss,Huge Loss
98,290,loss,Huge Loss
98,295,loss,Huge Loss
98,297,type,Rainfall-induced Debris Flow
98,297,loss,Huge Loss
98,298,loss,Huge Loss
98,305,loss,Huge Loss
98,307,factor,Geologic Factors
98,309,loss,Huge Loss
98,320,loss,Huge Loss
98,321,loss,Huge Loss
98,330,type,Rainfall-induced Debris Flow
98,330,loss,Huge Loss
98,332,loss,Huge Loss
98,333,loss,Huge Loss
98,353,type,Rainfall-induced Debris Flow
100,120,loss,Huge Loss
100,128,time,"('2008-05-12', '2008-05-12')"
100,128,index,Volume
100,135,index,Volume
100,135,scale,Huge
100,142,scale,Huge
100,168,index,Volume
100,170,index,Volume
100,171,method,Modeling and Analysis
100,182,type,Rainfall-induced Debris Flow
100,185,time,"('2008-05-12', '2008-05-12')"
100,185,loss,Huge Loss
100,188,type,Rainfall-induced Debris Flow
100,188,loss,Huge Loss
100,189,method,Modeling and Analysis
100,193,index,Volume
100,194,method,Modeling and Analysis
100,200,type,Rainfall-induced Debris Flow
100,200,loss,Huge Loss
100,209,type,Rainfall-induced Debris Flow
100,221,method,Modeling and Analysis
100,229,type,Rainfall-induced Debris Flow
100,230,loss,Huge Loss
100,230,index,Volume
100,230,method,Modeling and Analysis
100,234,time,"('2008-05-12', '2008-05-12')"
100,234,method,Modeling and Analysis
100,243,time,"('2008-05-12', '2008-05-12')"
100,263,time,"('2008-05-12', '2008-05-12')"
100,268,time,"('2008-05-12', '2008-05-12')"
100,269,loss,Huge Loss
100,273,loss,Huge Loss
100,273,scale,Huge
100,281,loss,Huge Loss
100,286,method,Modeling and Analysis
100,290,loss,Huge Loss
100,295,loss,Huge Loss
100,295,scale,Huge
100,295,method,Modeling and Analysis
100,297,type,Rainfall-induced Debris Flow
100,297,loss,Huge Loss
100,297,index,Volume
100,297,method,Modeling and Analysis
100,298,loss,Huge Loss
100,303,method,Modeling and Analysis
100,305,loss,Huge Loss
100,309,loss,Huge Loss
100,309,index,Volume
100,309,scale,Huge
100,320,loss,Huge Loss
100,321,loss,Huge Loss
100,321,scale,Huge
100,330,type,Rainfall-induced Debris Flow
100,330,loss,Huge Loss
100,332,time,"('2008-05-12', '2008-05-12')"
100,332,loss,Huge Loss
100,333,time,"('2008-05-12', '2008-05-12')"
100,333,loss,Huge Loss
100,343,index,Volume
100,347,method,Modeling and Analysis
100,353,type,Rainfall-induced Debris Flow
117,128,loss,Other
117,156,loss,Other
117,194,loss,Other
117,196,loss,Other
117,209,location,Japan
117,209,loss,Other
117,234,loss,Other
117,245,loss,Other
117,251,location,Japan
117,251,loss,Other
117,256,location,Japan
117,263,control,Early Warning Systems
117,265,loss,Other
117,283,loss,Other
117,303,loss,Other
117,307,loss,Other
117,316,loss,Other
117,335,loss,Other
117,343,loss,Other
117,365,loss,Other
117,365,control,Early Warning Systems
120,156,index,Acceleration and Velocity
120,167,method,Field Studies and Experiments
120,185,loss,Huge Loss
120,188,loss,Huge Loss
120,200,loss,Huge Loss
120,200,method,Field Studies and Experiments
120,230,loss,Huge Loss
120,269,loss,Huge Loss
120,273,loss,Huge Loss
120,281,loss,Huge Loss
120,290,loss,Huge Loss
120,295,loss,Huge Loss
120,297,loss,Huge Loss
120,298,loss,Huge Loss
120,305,loss,Huge Loss
120,309,loss,Huge Loss
120,320,loss,Huge Loss
120,320,method,Field Studies and Experiments
120,321,loss,Huge Loss
120,330,loss,Huge Loss
120,330,method,Field Studies and Experiments
120,332,loss,Huge Loss
120,333,loss,Huge Loss
120,344,index,Acceleration and Velocity
123,128,type,Other
123,135,type,Other
123,140,type,Other
123,170,type,Other
123,189,type,Other
123,192,type,Other
123,221,type,Other
123,230,type,Other
123,251,type,Other
123,255,type,Other
123,273,type,Other
123,278,type,Other
123,290,type,Other
123,295,type,Other
123,298,type,Other
123,303,type,Other
123,305,type,Other
123,316,type,Other
123,321,type,Other
123,347,type,Other
128,135,type,Other
128,135,index,Volume
128,140,type,Other
128,156,loss,Other
128,168,index,Volume
128,170,type,Other
128,170,index,Volume
128,185,time,"('2008-01-01', '2008-12-31')"
128,189,type,Other
128,192,time,"('2008-09-24', '2008-09-24')"
128,192,type,Other
128,193,index,Volume
128,194,loss,Other
128,196,loss,Other
128,209,loss,Other
128,221,type,Other
128,230,type,Other
128,230,index,Volume
128,234,time,"('2008-01-01', '2008-12-31')"
128,234,loss,Other
128,243,time,"('2008-01-01', '2008-12-31')"
128,245,loss,Other
128,251,type,Other
128,251,loss,Other
128,255,type,Other
128,263,time,"('2008-05-12', '2008-05-12')"
128,265,loss,Other
128,268,time,"('2008-01-01', '2008-12-31')"
128,273,type,Other
128,278,type,Other
128,283,loss,Other
128,290,type,Other
128,295,type,Other
128,297,index,Volume
128,298,type,Other
128,303,type,Other
128,303,loss,Other
128,305,type,Other
128,307,loss,Other
128,309,index,Volume
128,316,type,Other
128,316,loss,Other
128,321,type,Other
128,332,time,"('2008-01-01', '2008-12-31')"
128,333,time,"('2008-05-12', '2008-05-12')"
128,335,loss,Other
128,343,loss,Other
128,343,index,Volume
128,347,time,"('2008-03-04', '2008-03-04')"
128,347,type,Other
128,365,loss,Other
135,140,type,Other
135,142,scale,Huge
135,152,time,"('2000-04-09', '2000-04-09')"
135,168,index,Volume
135,170,type,Other
135,170,index,Volume
135,189,type,Other
135,192,type,Other
135,193,index,Volume
135,221,type,Other
135,230,type,Other
135,230,index,Volume
135,243,time,"('2000-04-09', '2000-04-09')"
135,251,type,Other
135,255,type,Other
135,273,type,Other
135,273,scale,Huge
135,278,type,Other
135,290,type,Other
135,295,type,Other
135,295,scale,Huge
135,297,index,Volume
135,298,type,Other
135,303,type,Other
135,305,type,Other
135,309,index,Volume
135,309,scale,Huge
135,316,type,Other
135,321,type,Other
135,321,scale,Huge
135,332,time,"('2000-04-09', '2000-04-09')"
135,343,index,Volume
135,347,type,Other
140,170,type,Other
140,189,type,Other
140,192,type,Other
140,221,type,Other
140,230,type,Other
140,243,time,"('2006-11-01', '2006-11-30')"
140,251,type,Other
140,255,type,Other
140,268,time,"('2006-11-01', '2006-11-30')"
140,268,control,Other
140,273,type,Other
140,278,type,Other
140,290,type,Other
140,295,type,Other
140,298,type,Other
140,302,factor,Climate Factors
140,303,type,Other
140,305,type,Other
140,305,control,Other
140,316,type,Other
140,316,control,Other
140,321,type,Other
140,332,time,"('2006-11-01', '2006-11-30')"
140,332,control,Other
140,347,type,Other
140,347,factor,Climate Factors
140,353,factor,Climate Factors
142,209,factor,Other
142,229,factor,Other
142,273,scale,Huge
142,273,factor,Other
142,281,factor,Other
142,286,factor,Other
142,295,scale,Huge
142,305,factor,Other
142,309,scale,Huge
142,316,factor,Other
142,321,scale,Huge
152,156,location,China
152,168,location,China
152,189,location,China
152,200,location,"China,Gansu,Lanzhou"
152,232,location,China
152,243,time,"('2000-01-01', '2000-12-31')"
152,295,location,China
152,303,index,Other
152,307,index,Other
152,332,time,"('2000-01-01', '2000-12-31')"
152,332,index,Other
156,168,location,China
156,189,location,China
156,194,loss,Other
156,196,loss,Other
156,200,location,China
156,209,loss,Other
156,232,location,China
156,234,loss,Other
156,245,loss,Other
156,251,loss,Other
156,265,loss,Other
156,283,loss,Other
156,295,location,China
156,303,loss,Other
156,307,loss,Other
156,316,loss,Other
156,335,loss,Other
156,343,loss,Other
156,344,index,Acceleration and Velocity
156,365,loss,Other
167,170,factor,Geologic Factors
167,196,factor,Geologic Factors
167,200,method,Field Studies and Experiments
167,208,factor,Geologic Factors
167,243,factor,Geologic Factors
167,265,factor,Geologic Factors
167,269,factor,Geologic Factors
167,307,factor,Geologic Factors
167,320,method,Field Studies and Experiments
167,330,method,Field Studies and Experiments
168,170,index,Volume
168,189,location,China
168,193,index,Volume
168,200,location,China
168,230,index,Volume
168,232,location,China
168,243,time,"('2009-01-01', '2014-12-31')"
168,256,time,"('2009-07-01', '2009-07-31')"
168,295,location,China
168,297,index,Volume
168,305,time,"('2010-01-01', '2010-12-31')"
168,309,time,"('2010-08-07', '2010-08-07')"
168,309,index,Volume
168,332,time,"('2009-01-01', '2013-12-31')"
168,343,index,Volume
170,189,type,Other
170,192,type,Other
170,193,index,Volume
170,196,factor,Geologic Factors
170,208,factor,Geologic Factors
170,221,type,Other
170,230,type,Other
170,230,index,Volume
170,243,time,"('1986-08-01', '1986-08-31')"
170,243,factor,Geologic Factors
170,251,type,Other
170,255,type,Other
170,265,factor,Geologic Factors
170,269,factor,Geologic Factors
170,273,type,Other
170,278,type,Other
170,286,control,Infrastructure and Construction Measures
170,287,control,Infrastructure and Construction Measures
170,290,type,Other
170,290,control,Infrastructure and Construction Measures
170,295,type,Other
170,297,index,Volume
170,297,control,Infrastructure and Construction Measures
170,298,type,Other
170,303,type,Other
170,305,type,Other
170,307,factor,Geologic Factors
170,307,control,Infrastructure and Construction Measures
170,309,index,Volume
170,316,type,Other
170,320,control,Infrastructure and Construction Measures
170,321,type,Other
170,343,index,Volume
170,347,type,Other
171,189,method,Modeling and Analysis
171,194,method,Modeling and Analysis
171,221,method,Modeling and Analysis
171,230,method,Modeling and Analysis
171,234,method,Modeling and Analysis
171,286,method,Modeling and Analysis
171,295,method,Modeling and Analysis
171,297,method,Modeling and Analysis
171,298,location,"Canada,British Columbia"
171,303,method,Modeling and Analysis
171,347,method,Modeling and Analysis
182,188,type,Rainfall-induced Debris Flow
182,200,type,Rainfall-induced Debris Flow
182,209,type,Rainfall-induced Debris Flow
182,229,type,Rainfall-induced Debris Flow
182,255,index,Deformation Rate
182,297,type,Rainfall-induced Debris Flow
182,305,index,Deformation Rate
182,330,type,Rainfall-induced Debris Flow
182,353,type,Rainfall-induced Debris Flow
185,188,loss,Huge Loss
185,192,time,"('2008-09-24', '2008-09-24')"
185,200,loss,Huge Loss
185,208,scale,Large
185,221,scale,Large
185,230,loss,Huge Loss
185,234,time,"('2008-01-01', '2008-12-31')"
185,243,time,"('2008-01-01', '2008-12-31')"
185,245,scale,Large
185,263,time,"('2008-05-12', '2008-05-12')"
185,265,scale,Large
185,268,time,"('2008-01-01', '2008-12-31')"
185,269,loss,Huge Loss
185,273,loss,Huge Loss
185,281,loss,Huge Loss
185,281,scale,Large
185,290,loss,Huge Loss
185,295,loss,Huge Loss
185,297,loss,Huge Loss
185,297,scale,Large
185,298,loss,Huge Loss
185,305,loss,Huge Loss
185,309,loss,Huge Loss
185,320,loss,Huge Loss
185,321,loss,Huge Loss
185,330,loss,Huge Loss
185,332,time,"('2008-01-01', '2008-12-31')"
185,332,loss,Huge Loss
185,333,time,"('2008-05-12', '2008-05-12')"
185,333,loss,Huge Loss
185,343,scale,Large
185,344,scale,Large
185,347,time,"('2008-03-04', '2008-03-04')"
188,200,type,Rainfall-induced Debris Flow
188,200,loss,Huge Loss
188,208,method,Other
188,209,type,Rainfall-induced Debris Flow
188,229,type,Rainfall-induced Debris Flow
188,230,loss,Huge Loss
188,269,loss,Huge Loss
188,273,loss,Huge Loss
188,278,method,Other
188,281,loss,Huge Loss
188,290,loss,Huge Loss
188,295,loss,Huge Loss
188,297,type,Rainfall-induced Debris Flow
188,297,loss,Huge Loss
188,298,loss,Huge Loss
188,305,loss,Huge Loss
188,309,loss,Huge Loss
188,320,loss,Huge Loss
188,321,loss,Huge Loss
188,330,type,Rainfall-induced Debris Flow
188,330,loss,Huge Loss
188,332,loss,Huge Loss
188,332,method,Other
188,333,loss,Huge Loss
188,343,method,Other
188,353,type,Rainfall-induced Debris Flow
189,192,type,Other
189,194,method,Modeling and Analysis
189,200,location,China
189,221,type,Other
189,221,method,Modeling and Analysis
189,230,type,Other
189,230,method,Modeling and Analysis
189,232,location,China
189,234,method,Modeling and Analysis
189,251,type,Other
189,255,type,Other
189,273,type,Other
189,278,type,Other
189,286,method,Modeling and Analysis
189,290,type,Other
189,295,location,China
189,295,type,Other
189,295,method,Modeling and Analysis
189,297,method,Modeling and Analysis
189,298,type,Other
189,303,type,Other
189,303,method,Modeling and Analysis
189,305,type,Other
189,316,type,Other
189,321,type,Other
189,347,type,Other
189,347,method,Modeling and Analysis
192,209,scale,Slight
192,221,type,Other
192,230,type,Other
192,234,time,"('2008-09-24', '2008-09-24')"
192,243,time,"('2008-09-24', '2008-09-24')"
192,251,type,Other
192,255,type,Other
192,263,scale,Slight
192,268,time,"('2008-09-24', '2008-09-24')"
192,273,type,Other
192,278,type,Other
192,290,type,Other
192,295,type,Other
192,298,type,Other
192,303,type,Other
192,305,type,Other
192,316,type,Other
192,321,type,Other
192,332,time,"('2008-09-24', '2008-09-24')"
192,347,type,Other
193,230,index,Volume
193,243,time,"('1998-10-30', '1998-10-30')"
193,297,index,Volume
193,309,index,Volume
193,332,time,"('1998-10-30', '1998-10-30')"
193,343,index,Volume
194,196,loss,Other
194,209,loss,Other
194,221,method,Modeling and Analysis
194,230,method,Modeling and Analysis
194,234,loss,Other
194,234,method,Modeling and Analysis
194,243,time,"('2001-09-01', '2001-12-31')"
194,245,loss,Other
194,251,loss,Other
194,265,loss,Other
194,268,time,"('2001-09-01', '2001-12-31')"
194,283,loss,Other
194,286,method,Modeling and Analysis
194,295,method,Modeling and Analysis
194,297,method,Modeling and Analysis
194,303,loss,Other
194,303,method,Modeling and Analysis
194,307,loss,Other
194,316,loss,Other
194,332,time,"('2001-09-01', '2001-12-31')"
194,335,loss,Other
194,343,loss,Other
194,347,method,Modeling and Analysis
194,365,loss,Other
196,208,factor,Geologic Factors
196,209,loss,Other
196,234,loss,Other
196,243,time,"('2004-07-01', '2004-07-31')"
196,243,factor,Geologic Factors
196,245,loss,Other
196,251,loss,Other
196,265,loss,Other
196,265,factor,Geologic Factors
196,268,time,"('2004-07-01', '2004-07-31')"
196,269,factor,Geologic Factors
196,283,loss,Other
196,287,time,"('2004-07-01', '2004-07-31')"
196,303,loss,Other
196,307,loss,Other
196,307,factor,Geologic Factors
196,316,loss,Other
196,332,time,"('2004-07-01', '2004-07-31')"
196,335,loss,Other
196,343,loss,Other
196,344,time,"('2004-07-01', '2004-07-31')"
196,365,loss,Other
200,209,type,Rainfall-induced Debris Flow
200,229,type,Rainfall-induced Debris Flow
200,230,loss,Huge Loss
200,232,location,China
200,269,loss,Huge Loss
200,273,loss,Huge Loss
200,281,loss,Huge Loss
200,290,loss,Huge Loss
200,295,location,China
200,295,loss,Huge Loss
200,297,type,Rainfall-induced Debris Flow
200,297,loss,Huge Loss
200,298,loss,Huge Loss
200,305,loss,Huge Loss
200,309,loss,Huge Loss
200,320,loss,Huge Loss
200,320,method,Field Studies and Experiments
200,321,loss,Huge Loss
200,330,type,Rainfall-induced Debris Flow
200,330,loss,Huge Loss
200,330,method,Field Studies and Experiments
200,332,loss,Huge Loss
200,333,loss,Huge Loss
200,353,type,Rainfall-induced Debris Flow
208,221,scale,Large
208,243,time,"('1964-01-01', '1964-12-31')"
208,243,factor,Geologic Factors
208,245,scale,Large
208,265,scale,Large
208,265,factor,Geologic Factors
208,269,factor,Geologic Factors
208,278,method,Other
208,281,scale,Large
208,297,scale,Large
208,307,factor,Geologic Factors
208,332,method,Other
208,343,scale,Large
208,343,method,Other
208,344,scale,Large
209,229,type,Rainfall-induced Debris Flow
209,229,factor,Other
209,234,loss,Other
209,234,control,Management and Planning
209,245,loss,Other
209,251,location,Japan
209,251,loss,Other
209,256,location,Japan
209,263,scale,Slight
209,265,loss,Other
209,273,factor,Other
209,281,factor,Other
209,283,loss,Other
209,286,factor,Other
209,297,type,Rainfall-induced Debris Flow
209,303,loss,Other
209,305,factor,Other
209,307,loss,Other
209,316,loss,Other
209,316,factor,Other
209,330,type,Rainfall-induced Debris Flow
209,335,loss,Other
209,335,control,Management and Planning
209,343,loss,Other
209,353,type,Rainfall-induced Debris Flow
209,365,loss,Other
221,230,type,Other
221,230,method,Modeling and Analysis
221,234,method,Modeling and Analysis
221,245,scale,Large
221,251,type,Other
221,255,type,Other
221,265,scale,Large
221,273,type,Other
221,278,type,Other
221,281,scale,Large
221,286,method,Modeling and Analysis
221,290,type,Other
221,295,type,Other
221,295,method,Modeling and Analysis
221,297,scale,Large
221,297,method,Modeling and Analysis
221,298,type,Other
221,303,type,Other
221,303,method,Modeling and Analysis
221,305,type,Other
221,316,type,Other
221,321,type,Other
221,343,scale,Large
221,344,scale,Large
221,347,type,Other
221,347,method,Modeling and Analysis
229,273,factor,Other
229,281,factor,Other
229,286,factor,Other
229,297,type,Rainfall-induced Debris Flow
229,305,factor,Other
229,316,factor,Other
229,330,type,Rainfall-induced Debris Flow
229,353,type,Rainfall-induced Debris Flow
230,234,method,Modeling and Analysis
230,251,type,Other
230,255,type,Other
230,269,loss,Huge Loss
230,273,type,Other
230,273,loss,Huge Loss
230,278,type,Other
230,281,loss,Huge Loss
230,286,method,Modeling and Analysis
230,290,type,Other
230,290,loss,Huge Loss
230,295,type,Other
230,295,loss,Huge Loss
230,295,method,Modeling and Analysis
230,297,loss,Huge Loss
230,297,index,Volume
230,297,method,Modeling and Analysis
230,298,type,Other
230,298,loss,Huge Loss
230,303,type,Other
230,303,method,Modeling and Analysis
230,305,type,Other
230,305,loss,Huge Loss
230,309,loss,Huge Loss
230,309,index,Volume
230,316,type,Other
230,320,loss,Huge Loss
230,321,type,Other
230,321,loss,Huge Loss
230,330,loss,Huge Loss
230,332,loss,Huge Loss
230,333,loss,Huge Loss
230,343,index,Volume
230,347,type,Other
230,347,method,Modeling and Analysis
232,256,index,Discharge and Precipitation
232,273,index,Discharge and Precipitation
232,283,index,Discharge and Precipitation
232,295,location,China
234,243,time,"('2008-01-01', '2008-12-31')"
234,245,loss,Other
234,251,loss,Other
234,263,time,"('2008-05-12', '2008-05-12')"
234,265,loss,Other
234,268,time,"('2008-01-01', '2008-12-31')"
234,283,loss,Other
234,286,method,Modeling and Analysis
234,295,method,Modeling and Analysis
234,297,method,Modeling and Analysis
234,303,loss,Other
234,303,method,Modeling and Analysis
234,307,loss,Other
234,316,loss,Other
234,332,time,"('2008-01-01', '2008-12-31')"
234,333,time,"('2008-05-12', '2008-05-12')"
234,335,loss,Other
234,335,control,Management and Planning
234,343,loss,Other
234,347,time,"('2008-03-04', '2008-03-04')"
234,347,method,Modeling and Analysis
234,365,loss,Other
242,255,loss,Slight Loss
242,256,loss,Slight Loss
242,347,loss,Slight Loss
243,256,time,"('2009-07-01', '2009-07-31')"
243,263,time,"('2008-05-12', '2008-05-12')"
243,265,time,"('2015-11-17', '2015-11-17')"
243,265,factor,Geologic Factors
243,268,time,"('2001-01-01', '2008-12-31')"
243,269,factor,Geologic Factors
243,273,time,"('1997-07-11', '1997-07-11')"
243,278,time,"('2006-05-23', '2006-05-23')"
243,287,time,"('2004-01-01', '2004-12-31')"
243,305,time,"('2010-01-01', '2010-12-31')"
243,307,factor,Geologic Factors
243,309,time,"('2010-08-07', '2010-08-07')"
243,321,time,"('1996-06-19', '1996-06-19')"
243,332,time,"('1994-01-01', '2013-12-31')"
243,333,time,"('2008-05-12', '2008-05-12')"
243,335,time,"('1990-06-25', '1990-06-25')"
243,344,time,"('2002-01-01', '2004-12-31')"
243,347,time,"('2008-03-04', '2008-03-04')"
245,251,loss,Other
245,265,loss,Other
245,265,scale,Large
245,281,scale,Large
245,283,loss,Other
245,297,scale,Large
245,303,loss,Other
245,307,loss,Other
245,316,loss,Other
245,335,loss,Other
245,343,loss,Other
245,343,scale,Large
245,344,scale,Large
245,365,loss,Other
251,255,type,Other
251,256,location,Japan
251,265,loss,Other
251,273,type,Other
251,278,type,Other
251,283,loss,Other
251,290,type,Other
251,295,type,Other
251,298,type,Other
251,303,type,Other
251,303,loss,Other
251,305,type,Other
251,307,loss,Other
251,316,type,Other
251,316,loss,Other
251,321,type,Other
251,335,loss,Other
251,343,loss,Other
251,347,type,Other
251,365,loss,Other
255,256,loss,Slight Loss
255,273,type,Other
255,278,type,Other
255,290,type,Other
255,295,type,Other
255,298,type,Other
255,303,type,Other
255,305,type,Other
255,305,index,Deformation Rate
255,316,type,Other
255,321,type,Other
255,347,type,Other
255,347,loss,Slight Loss
256,273,index,Discharge and Precipitation
256,283,index,Discharge and Precipitation
256,332,time,"('2009-07-01', '2009-07-31')"
256,347,loss,Slight Loss
263,268,time,"('2008-05-12', '2008-05-12')"
263,332,time,"('2008-05-12', '2008-05-12')"
263,333,time,"('2008-05-12', '2008-05-12')"
263,365,control,Early Warning Systems
265,269,factor,Geologic Factors
265,281,scale,Large
265,283,loss,Other
265,297,scale,Large
265,303,loss,Other
265,305,method,Remote Sensing and Imaging
265,307,loss,Other
265,307,factor,Geologic Factors
265,316,loss,Other
265,321,method,Remote Sensing and Imaging
265,335,loss,Other
265,343,loss,Other
265,343,scale,Large
265,344,scale,Large
265,365,loss,Other
268,278,time,"('2006-05-23', '2006-05-23')"
268,287,time,"('2004-01-01', '2004-12-31')"
268,305,control,Other
268,316,control,Other
268,332,time,"('2001-01-01', '2008-12-31')"
268,332,control,Other
268,333,time,"('2008-05-12', '2008-05-12')"
268,344,time,"('2002-01-01', '2004-12-31')"
268,347,time,"('2008-03-04', '2008-03-04')"
269,273,loss,Huge Loss
269,281,loss,Huge Loss
269,290,loss,Huge Loss
269,295,loss,Huge Loss
269,297,loss,Huge Loss
269,298,loss,Huge Loss
269,305,loss,Huge Loss
269,307,factor,Geologic Factors
269,309,loss,Huge Loss
269,320,loss,Huge Loss
269,321,loss,Huge Loss
269,330,loss,Huge Loss
269,332,loss,Huge Loss
269,333,loss,Huge Loss
273,278,type,Other
273,281,loss,Huge Loss
273,281,factor,Other
273,283,index,Discharge and Precipitation
273,286,factor,Other
273,290,type,Other
273,290,loss,Huge Loss
273,295,type,Other
273,295,loss,Huge Loss
273,295,scale,Huge
273,297,loss,Huge Loss
273,298,type,Other
273,298,loss,Huge Loss
273,303,type,Other
273,305,type,Other
273,305,loss,Huge Loss
273,305,factor,Other
273,309,loss,Huge Loss
273,309,scale,Huge
273,316,type,Other
273,316,factor,Other
273,320,loss,Huge Loss
273,321,type,Other
273,321,loss,Huge Loss
273,321,scale,Huge
273,330,loss,Huge Loss
273,332,time,"('1997-07-11', '1997-07-11')"
273,332,loss,Huge Loss
273,333,loss,Huge Loss
273,347,type,Other
278,290,type,Other
278,295,type,Other
278,298,type,Other
278,302,control,Soil and Water Management
278,303,type,Other
278,305,type,Other
278,316,type,Other
278,321,type,Other
278,330,control,Soil and Water Management
278,332,time,"('2006-05-23', '2006-05-23')"
278,332,method,Other
278,343,method,Other
278,347,type,Other
281,286,factor,Other
281,290,loss,Huge Loss
281,295,loss,Huge Loss
281,297,loss,Huge Loss
281,297,scale,Large
281,298,loss,Huge Loss
281,305,loss,Huge Loss
281,305,factor,Other
281,309,loss,Huge Loss
281,316,factor,Other
281,320,loss,Huge Loss
281,321,loss,Huge Loss
281,330,loss,Huge Loss
281,332,loss,Huge Loss
281,333,loss,Huge Loss
281,343,scale,Large
281,344,scale,Large
283,303,loss,Other
283,307,loss,Other
283,316,loss,Other
283,335,loss,Other
283,343,loss,Other
283,365,loss,Other
286,287,control,Infrastructure and Construction Measures
286,290,control,Infrastructure and Construction Measures
286,295,method,Modeling and Analysis
286,297,method,Modeling and Analysis
286,297,control,Infrastructure and Construction Measures
286,303,method,Modeling and Analysis
286,305,factor,Other
286,307,control,Infrastructure and Construction Measures
286,316,factor,Other
286,320,control,Infrastructure and Construction Measures
286,347,method,Modeling and Analysis
287,290,control,Infrastructure and Construction Measures
287,297,control,Infrastructure and Construction Measures
287,307,control,Infrastructure and Construction Measures
287,320,control,Infrastructure and Construction Measures
287,332,time,"('2004-01-01', '2004-12-31')"
287,344,time,"('2004-01-01', '2004-12-31')"
290,295,type,Other
290,295,loss,Huge Loss
290,297,loss,Huge Loss
290,297,control,Infrastructure and Construction Measures
290,298,type,Other
290,298,loss,Huge Loss
290,303,type,Other
290,305,type,Other
290,305,loss,Huge Loss
290,307,control,Infrastructure and Construction Measures
290,309,loss,Huge Loss
290,316,type,Other
290,320,loss,Huge Loss
290,320,control,Infrastructure and Construction Measures
290,321,type,Other
290,321,loss,Huge Loss
290,330,loss,Huge Loss
290,332,loss,Huge Loss
290,333,loss,Huge Loss
290,347,type,Other
295,297,loss,Huge Loss
295,297,method,Modeling and Analysis
295,298,type,Other
295,298,loss,Huge Loss
295,303,type,Other
295,303,method,Modeling and Analysis
295,305,type,Other
295,305,loss,Huge Loss
295,309,loss,Huge Loss
295,309,scale,Huge
295,316,type,Other
295,320,loss,Huge Loss
295,321,type,Other
295,321,loss,Huge Loss
295,321,scale,Huge
295,330,loss,Huge Loss
295,332,loss,Huge Loss
295,333,loss,Huge Loss
295,347,type,Other
295,347,method,Modeling and Analysis
297,298,loss,Huge Loss
297,303,method,Modeling and Analysis
297,305,loss,Huge Loss
297,307,control,Infrastructure and Construction Measures
297,309,loss,Huge Loss
297,309,index,Volume
297,320,loss,Huge Loss
297,320,control,Infrastructure and Construction Measures
297,321,loss,Huge Loss
297,330,type,Rainfall-induced Debris Flow
297,330,loss,Huge Loss
297,332,loss,Huge Loss
297,333,loss,Huge Loss
297,343,index,Volume
297,343,scale,Large
297,344,scale,Large
297,347,method,Modeling and Analysis
297,353,type,Rainfall-induced Debris Flow
298,303,type,Other
298,305,type,Other
298,305,loss,Huge Loss
298,309,loss,Huge Loss
298,316,type,Other
298,320,loss,Huge Loss
298,321,type,Other
298,321,loss,Huge Loss
298,330,loss,Huge Loss
298,332,loss,Huge Loss
298,333,loss,Huge Loss
298,347,type,Other
302,330,control,Soil and Water Management
302,347,factor,Climate Factors
302,353,factor,Climate Factors
303,305,type,Other
303,307,loss,Other
303,307,index,Other
303,316,type,Other
303,316,loss,Other
303,321,type,Other
303,332,index,Other
303,335,loss,Other
303,343,loss,Other
303,347,type,Other
303,347,method,Modeling and Analysis
303,365,loss,Other
305,309,time,"('2010-08-07', '2010-08-07')"
305,309,loss,Huge Loss
305,316,type,Other
305,316,factor,Other
305,316,control,Other
305,320,loss,Huge Loss
305,321,type,Other
305,321,loss,Huge Loss
305,321,method,Remote Sensing and Imaging
305,330,loss,Huge Loss
305,332,time,"('2010-01-01', '2010-12-31')"
305,332,loss,Huge Loss
305,332,control,Other
305,333,loss,Huge Loss
305,347,type,Other
307,316,loss,Other
307,320,control,Infrastructure and Construction Measures
307,332,index,Other
307,335,loss,Other
307,343,loss,Other
307,365,loss,Other
309,320,loss,Huge Loss
309,321,loss,Huge Loss
309,321,scale,Huge
309,330,loss,Huge Loss
309,332,time,"('2010-08-07', '2010-08-07')"
309,332,loss,Huge Loss
309,333,loss,Huge Loss
309,343,index,Volume
316,321,type,Other
316,332,control,Other
316,335,loss,Other
316,343,loss,Other
316,347,type,Other
316,365,loss,Other
320,321,loss,Huge Loss
320,330,loss,Huge Loss
320,330,method,Field Studies and Experiments
320,332,loss,Huge Loss
320,333,loss,Huge Loss
321,330,loss,Huge Loss
321,332,time,"('1996-06-19', '1996-06-19')"
321,332,loss,Huge Loss
321,333,loss,Huge Loss
321,347,type,Other
330,332,loss,Huge Loss
330,333,loss,Huge Loss
330,353,type,Rainfall-induced Debris Flow
332,333,time,"('2008-05-12', '2008-05-12')"
332,333,loss,Huge Loss
332,343,method,Other
332,344,time,"('2002-01-01', '2004-12-31')"
332,347,time,"('2008-03-04', '2008-03-04')"
335,343,loss,Other
335,365,loss,Other
343,344,scale,Large
343,365,loss,Other
347,353,factor,Climate Factors
